id,jenisKelamin,umur,sudahMenikah,melampirkanKTP,penghasilanPerBulan,pengeluaranPerBulan,jumlahPinjaman,pinjamanDiTerima
1,wanita,30,ya,tidak,53000000,80000000,3000000,0
2,wanita,31,ya,ya,90000000,31000000,4000000,1
3,wanita,18,ya,ya,14000000,17000000,1000000,0
4,pria,23,ya,ya,97000000,74000000,3000000,1
5,pria,27,ya,ya,79000000,65000000,3000000,1
6,pria,39,ya,ya,54000000,78000000,1000000,0
7,pria,32,ya,ya,39000000,90000000,2000000,0
8,wanita,21,tidak,ya,46000000,83000000,2000000,0
9,wanita,30,ya,ya,34000000,35000000,5000000,0
10,pria,35,ya,ya,92000000,14000000,5000000,1
11,pria,23,tidak,tidak,89000000,85000000,3000000,0
12,wanita,36,ya,ya,34000000,86000000,1000000,0
13,pria,27,ya,ya,76000000,57000000,4000000,1
14,pria,35,ya,ya,51000000,34000000,4000000,1
15,pria,39,ya,ya,73000000,34000000,3000000,1
16,wanita,33,ya,ya,74000000,66000000,1000000,1
17,wanita,39,ya,ya,24000000,27000000,3000000,0
18,wanita,31,ya,ya,58000000,54000000,2000000,1
19,wanita,26,ya,ya,66000000,64000000,3000000,0
20,pria,34,ya,tidak,29000000,47000000,4000000,0
21,pria,25,tidak,ya,44000000,32000000,4000000,1
22,pria,30,ya,ya,60000000,36000000,4000000,1
23,wanita,19,ya,ya,39000000,98000000,1000000,0
24,pria,18,ya,ya,11000000,86000000,3000000,0
25,pria,35,tidak,ya,41000000,27000000,5000000,1
26,pria,24,tidak,ya,88000000,35000000,2000000,0
27,wanita,31,ya,ya,41000000,75000000,3000000,0
28,wanita,23,ya,tidak,93000000,39000000,4000000,0
29,pria,38,ya,ya,80000000,81000000,1000000,0
30,pria,34,ya,ya,12000000,36000000,2000000,0
31,wanita,20,ya,tidak,29000000,97000000,4000000,0
32,pria,34,ya,ya,29000000,88000000,3000000,0
33,pria,28,ya,ya,71000000,38000000,2000000,1
34,wanita,38,ya,ya,82000000,71000000,3000000,1
35,pria,33,tidak,ya,53000000,24000000,1000000,1
36,wanita,35,ya,ya,66000000,68000000,1000000,0
37,pria,21,ya,ya,26000000,17000000,1000000,1
38,wanita,26,ya,ya,67000000,48000000,4000000,1
39,wanita,31,ya,ya,68000000,41000000,5000000,1
40,wanita,30,ya,ya,81000000,16000000,2000000,1
41,pria,26,ya,tidak,44000000,48000000,5000000,0
42,wanita,32,ya,ya,68000000,43000000,1000000,1
43,pria,33,ya,ya,19000000,78000000,3000000,0
44,pria,38,ya,ya,17000000,90000000,5000000,0
45,wanita,36,ya,ya,75000000,41000000,2000000,1
46,wanita,18,ya,ya,22000000,65000000,3000000,0
47,pria,22,ya,ya,63000000,54000000,3000000,1
48,wanita,19,ya,tidak,14000000,94000000,3000000,0
49,wanita,38,ya,tidak,67000000,69000000,1000000,0
50,pria,37,ya,ya,70000000,87000000,3000000,0
51,pria,19,ya,ya,40000000,63000000,2000000,0
52,wanita,23,ya,ya,33000000,60000000,2000000,0
53,wanita,20,ya,ya,47000000,23000000,1000000,1
54,pria,18,ya,ya,83000000,24000000,1000000,1
55,wanita,19,ya,ya,16000000,81000000,5000000,0
56,wanita,30,ya,ya,51000000,22000000,5000000,1
57,wanita,31,ya,ya,70000000,69000000,3000000,0
58,wanita,30,ya,ya,39000000,65000000,5000000,0
59,pria,35,ya,ya,10000000,81000000,1000000,0
60,pria,38,ya,ya,49000000,70000000,5000000,0
61,pria,29,ya,ya,38000000,62000000,4000000,0
62,wanita,30,ya,ya,60000000,79000000,1000000,0
63,wanita,34,ya,tidak,48000000,39000000,5000000,0
64,pria,34,ya,ya,78000000,64000000,2000000,1
65,pria,29,ya,ya,20000000,83000000,3000000,0
66,pria,30,ya,tidak,77000000,41000000,5000000,0
67,wanita,28,ya,ya,74000000,91000000,2000000,0
68,wanita,26,tidak,ya,59000000,47000000,2000000,1
69,wanita,34,tidak,ya,43000000,73000000,1000000,0
70,pria,30,ya,ya,85000000,17000000,4000000,1
71,pria,33,tidak,ya,67000000,51000000,4000000,1
72,pria,35,ya,ya,29000000,59000000,3000000,0
73,wanita,34,ya,ya,59000000,19000000,4000000,1
74,pria,38,ya,ya,71000000,43000000,2000000,1
75,wanita,24,ya,ya,81000000,88000000,2000000,0
76,wanita,29,ya,ya,71000000,64000000,4000000,1
77,pria,18,ya,ya,97000000,49000000,5000000,1
78,pria,18,tidak,ya,18000000,85000000,4000000,0
79,wanita,26,ya,ya,50000000,30000000,3000000,1
80,wanita,30,ya,ya,27000000,45000000,2000000,0
81,wanita,29,ya,ya,84000000,35000000,4000000,1
82,wanita,32,ya,ya,36000000,32000000,1000000,1
83,pria,34,tidak,ya,16000000,64000000,3000000,0
84,pria,27,ya,ya,28000000,18000000,5000000,1
85,wanita,20,ya,ya,20000000,14000000,5000000,1
86,pria,39,ya,ya,70000000,80000000,3000000,0
87,wanita,35,ya,ya,63000000,50000000,3000000,1
88,wanita,19,ya,ya,84000000,99000000,3000000,0
89,pria,20,ya,ya,80000000,49000000,1000000,1
90,pria,31,tidak,ya,56000000,68000000,3000000,0
91,wanita,22,ya,ya,73000000,73000000,3000000,0
92,pria,24,ya,ya,66000000,14000000,5000000,1
93,wanita,30,ya,ya,41000000,39000000,1000000,1
94,wanita,28,ya,ya,31000000,15000000,2000000,1
95,wanita,22,ya,ya,53000000,91000000,3000000,0
96,wanita,34,ya,ya,20000000,73000000,1000000,0
97,pria,20,ya,ya,96000000,33000000,5000000,1
98,pria,26,ya,ya,34000000,12000000,4000000,1
99,wanita,25,ya,ya,55000000,27000000,5000000,1
100,pria,27,ya,ya,86000000,13000000,4000000,1
101,wanita,19,ya,ya,48000000,43000000,3000000,1
102,wanita,22,ya,ya,32000000,42000000,5000000,0
103,pria,36,ya,ya,26000000,69000000,4000000,0
104,wanita,26,ya,ya,11000000,22000000,1000000,0
105,pria,19,ya,ya,35000000,94000000,5000000,0
106,wanita,23,ya,ya,51000000,74000000,3000000,0
107,pria,19,ya,ya,99000000,31000000,5000000,1
108,pria,36,ya,ya,71000000,40000000,5000000,1
109,pria,32,tidak,ya,95000000,17000000,2000000,1
110,wanita,30,ya,ya,29000000,69000000,3000000,0
111,pria,29,ya,tidak,55000000,51000000,2000000,0
112,wanita,29,ya,ya,35000000,98000000,4000000,0
113,wanita,22,tidak,ya,94000000,28000000,3000000,1
114,wanita,27,ya,ya,67000000,39000000,1000000,1
115,wanita,23,ya,ya,57000000,27000000,4000000,1
116,wanita,18,ya,ya,96000000,68000000,3000000,1
117,pria,18,ya,ya,30000000,69000000,5000000,0
118,wanita,29,ya,ya,34000000,33000000,4000000,0
119,pria,29,ya,ya,34000000,68000000,5000000,0
120,wanita,19,ya,ya,84000000,98000000,2000000,0
121,pria,18,ya,tidak,81000000,34000000,3000000,0
122,pria,34,ya,ya,76000000,13000000,2000000,1
123,wanita,24,ya,ya,33000000,20000000,4000000,1
124,pria,22,ya,ya,71000000,64000000,4000000,1
125,wanita,21,tidak,ya,20000000,98000000,2000000,0
126,pria,23,ya,ya,73000000,19000000,1000000,1
127,wanita,29,ya,tidak,51000000,41000000,1000000,0
128,pria,31,ya,ya,13000000,81000000,1000000,0
129,wanita,33,ya,tidak,12000000,71000000,3000000,0
130,wanita,39,ya,ya,77000000,46000000,4000000,1
131,wanita,38,ya,ya,88000000,64000000,1000000,1
132,wanita,36,ya,ya,23000000,18000000,1000000,1
133,wanita,22,ya,ya,27000000,10000000,1000000,1
134,wanita,28,ya,ya,31000000,34000000,1000000,0
135,pria,21,ya,ya,69000000,35000000,5000000,1
136,pria,28,ya,ya,74000000,42000000,2000000,1
137,wanita,22,ya,ya,57000000,19000000,3000000,1
138,pria,23,ya,ya,90000000,61000000,2000000,1
139,pria,25,ya,ya,93000000,28000000,4000000,1
140,wanita,20,ya,ya,66000000,49000000,5000000,1
141,pria,34,ya,ya,52000000,33000000,3000000,1
142,pria,29,ya,ya,57000000,94000000,3000000,0
143,pria,28,ya,ya,94000000,29000000,3000000,1
144,wanita,24,ya,ya,59000000,59000000,5000000,0
145,wanita,20,ya,tidak,48000000,82000000,1000000,0
146,wanita,39,ya,ya,52000000,41000000,4000000,1
147,wanita,29,ya,ya,49000000,40000000,3000000,1
148,pria,37,ya,ya,49000000,30000000,4000000,1
149,pria,34,ya,ya,86000000,44000000,5000000,1
150,pria,22,ya,ya,76000000,88000000,4000000,0
151,wanita,24,ya,ya,74000000,81000000,2000000,0
152,wanita,39,ya,ya,22000000,51000000,5000000,0
153,pria,39,ya,ya,40000000,43000000,2000000,0
154,wanita,25,ya,ya,60000000,19000000,4000000,1
155,wanita,30,ya,tidak,97000000,27000000,4000000,0
156,wanita,19,tidak,ya,68000000,89000000,3000000,0
157,pria,38,ya,ya,59000000,86000000,4000000,0
158,wanita,29,ya,ya,45000000,91000000,4000000,0
159,wanita,28,ya,ya,22000000,28000000,3000000,0
160,pria,33,ya,ya,95000000,94000000,3000000,0
161,wanita,32,ya,ya,45000000,17000000,4000000,1
162,wanita,18,tidak,ya,19000000,99000000,1000000,0
163,wanita,25,ya,tidak,19000000,10000000,5000000,0
164,pria,32,ya,ya,95000000,76000000,2000000,1
165,pria,29,ya,tidak,44000000,76000000,1000000,0
166,wanita,21,tidak,ya,24000000,86000000,1000000,0
167,wanita,38,ya,ya,12000000,85000000,3000000,0
168,pria,26,ya,ya,54000000,93000000,2000000,0
169,wanita,37,ya,ya,73000000,32000000,4000000,1
170,pria,33,ya,ya,38000000,57000000,3000000,0
171,pria,38,ya,ya,83000000,94000000,1000000,0
172,wanita,37,ya,ya,55000000,25000000,2000000,1
173,pria,39,tidak,ya,84000000,95000000,4000000,0
174,pria,35,ya,ya,28000000,26000000,5000000,0
175,wanita,20,ya,ya,47000000,99000000,1000000,0
176,pria,39,ya,ya,50000000,54000000,5000000,0
177,pria,19,ya,ya,58000000,74000000,1000000,0
178,wanita,36,ya,ya,79000000,10000000,3000000,1
179,pria,26,ya,ya,94000000,11000000,1000000,1
180,pria,39,tidak,ya,26000000,97000000,4000000,0
181,pria,37,ya,ya,65000000,92000000,1000000,0
182,wanita,35,ya,ya,67000000,99000000,4000000,0
183,pria,20,ya,ya,51000000,75000000,4000000,0
184,pria,21,ya,ya,58000000,88000000,2000000,0
185,wanita,39,ya,ya,68000000,69000000,2000000,0
186,pria,33,ya,ya,92000000,60000000,1000000,1
187,pria,26,ya,ya,41000000,27000000,2000000,1
188,wanita,21,ya,ya,20000000,44000000,2000000,0
189,wanita,30,ya,ya,49000000,69000000,5000000,0
190,wanita,35,ya,tidak,64000000,71000000,4000000,0
191,pria,26,ya,ya,92000000,40000000,4000000,1
192,pria,28,ya,ya,32000000,29000000,4000000,0
193,pria,37,ya,ya,29000000,45000000,5000000,0
194,wanita,31,ya,tidak,54000000,43000000,2000000,0
195,pria,23,ya,ya,70000000,37000000,3000000,1
196,pria,26,ya,ya,26000000,96000000,5000000,0
197,wanita,36,ya,ya,70000000,20000000,1000000,1
198,wanita,37,ya,ya,83000000,13000000,2000000,1
199,wanita,28,ya,ya,49000000,59000000,1000000,0
200,wanita,23,ya,ya,12000000,57000000,1000000,0
201,wanita,20,ya,ya,78000000,37000000,3000000,1
202,pria,20,ya,ya,24000000,17000000,1000000,1
203,wanita,21,ya,ya,68000000,57000000,1000000,1
204,wanita,19,ya,tidak,71000000,80000000,2000000,0
205,pria,34,ya,ya,34000000,74000000,1000000,0
206,wanita,28,ya,tidak,26000000,36000000,5000000,0
207,wanita,32,ya,ya,93000000,26000000,5000000,1
208,pria,22,ya,tidak,76000000,43000000,4000000,0
209,wanita,39,ya,ya,91000000,42000000,5000000,1
210,pria,29,ya,ya,14000000,99000000,5000000,0
211,wanita,35,ya,ya,21000000,93000000,4000000,0
212,pria,18,tidak,ya,96000000,88000000,4000000,0
213,pria,33,ya,ya,16000000,49000000,4000000,0
214,pria,31,ya,ya,27000000,84000000,4000000,0
215,pria,39,ya,ya,92000000,82000000,4000000,1
216,wanita,30,ya,ya,28000000,24000000,4000000,1
217,pria,19,ya,ya,38000000,95000000,5000000,0
218,wanita,28,ya,ya,11000000,22000000,3000000,0
219,pria,33,ya,ya,19000000,36000000,4000000,0
220,wanita,26,ya,ya,60000000,33000000,5000000,1
221,wanita,38,ya,ya,78000000,50000000,5000000,1
222,pria,23,ya,ya,22000000,52000000,4000000,0
223,pria,25,ya,ya,75000000,13000000,2000000,1
224,wanita,23,tidak,ya,31000000,59000000,2000000,0
225,wanita,30,ya,ya,94000000,30000000,4000000,1
226,pria,39,ya,ya,68000000,92000000,4000000,0
227,wanita,35,ya,ya,14000000,40000000,2000000,0
228,pria,33,ya,ya,32000000,30000000,3000000,0
229,pria,19,ya,ya,56000000,59000000,4000000,0
230,pria,26,ya,tidak,90000000,87000000,2000000,0
231,pria,33,ya,ya,15000000,64000000,2000000,0
232,pria,39,tidak,ya,10000000,24000000,2000000,0
233,wanita,24,ya,ya,24000000,83000000,1000000,0
234,pria,35,ya,ya,61000000,86000000,3000000,0
235,pria,36,ya,tidak,86000000,78000000,2000000,0
236,wanita,27,ya,ya,96000000,49000000,1000000,1
237,pria,38,ya,ya,29000000,88000000,5000000,0
238,pria,39,ya,ya,72000000,33000000,2000000,1
239,wanita,20,ya,ya,28000000,99000000,4000000,0
240,pria,26,ya,tidak,60000000,84000000,5000000,0
241,wanita,39,ya,ya,62000000,11000000,2000000,1
242,wanita,33,ya,ya,21000000,30000000,2000000,0
243,wanita,29,ya,ya,17000000,84000000,1000000,0
244,pria,35,ya,ya,98000000,92000000,2000000,1
245,pria,33,ya,ya,13000000,75000000,1000000,0
246,pria,19,tidak,ya,73000000,20000000,5000000,0
247,pria,36,tidak,ya,83000000,80000000,1000000,1
248,pria,24,ya,ya,67000000,98000000,2000000,0
249,wanita,19,ya,ya,61000000,71000000,2000000,0
250,wanita,33,ya,tidak,72000000,83000000,4000000,0
251,wanita,22,ya,ya,31000000,97000000,3000000,0
252,wanita,30,tidak,ya,34000000,44000000,4000000,0
253,pria,38,ya,ya,99000000,73000000,3000000,1
254,wanita,35,ya,ya,11000000,43000000,5000000,0
255,pria,26,ya,ya,78000000,35000000,1000000,1
256,pria,39,ya,ya,94000000,97000000,3000000,0
257,pria,24,ya,ya,94000000,52000000,1000000,1
258,pria,24,ya,ya,74000000,12000000,1000000,1
259,wanita,32,ya,ya,84000000,59000000,2000000,1
260,wanita,31,ya,ya,47000000,77000000,5000000,0
261,wanita,22,ya,ya,32000000,44000000,2000000,0
262,pria,35,ya,ya,27000000,88000000,4000000,0
263,pria,25,ya,tidak,23000000,66000000,4000000,0
264,wanita,18,ya,ya,81000000,14000000,4000000,1
265,wanita,28,ya,ya,89000000,17000000,4000000,1
266,wanita,34,ya,ya,39000000,58000000,4000000,0
267,pria,28,ya,ya,68000000,76000000,1000000,0
268,wanita,30,ya,ya,98000000,25000000,3000000,1
269,wanita,25,ya,ya,83000000,49000000,2000000,1
270,pria,30,ya,ya,28000000,93000000,1000000,0
271,wanita,32,ya,ya,56000000,20000000,5000000,1
272,pria,29,ya,ya,57000000,33000000,2000000,1
273,pria,20,ya,ya,13000000,45000000,4000000,0
274,wanita,22,ya,ya,99000000,65000000,3000000,1
275,pria,31,ya,ya,85000000,86000000,5000000,0
276,pria,21,ya,ya,95000000,43000000,5000000,1
277,pria,27,ya,ya,87000000,83000000,3000000,1
278,pria,22,ya,tidak,63000000,41000000,3000000,0
279,wanita,31,ya,ya,36000000,46000000,3000000,0
280,wanita,35,ya,ya,67000000,61000000,1000000,1
281,pria,28,ya,ya,45000000,79000000,3000000,0
282,wanita,23,ya,ya,73000000,16000000,2000000,1
283,wanita,37,ya,ya,18000000,34000000,2000000,0
284,wanita,25,ya,ya,69000000,79000000,2000000,0
285,wanita,23,ya,ya,13000000,52000000,2000000,0
286,pria,34,ya,ya,26000000,41000000,1000000,0
287,wanita,26,ya,ya,45000000,31000000,4000000,1
288,wanita,37,ya,ya,68000000,99000000,4000000,0
289,pria,36,ya,ya,89000000,29000000,1000000,1
290,pria,36,ya,ya,88000000,75000000,4000000,1
291,wanita,22,ya,ya,13000000,83000000,4000000,0
292,pria,39,ya,ya,40000000,22000000,4000000,1
293,wanita,18,ya,ya,57000000,83000000,4000000,0
294,pria,22,ya,ya,77000000,47000000,5000000,1
295,wanita,35,ya,tidak,20000000,20000000,2000000,0
296,wanita,23,tidak,ya,19000000,29000000,5000000,0
297,wanita,24,ya,ya,78000000,85000000,4000000,0
298,wanita,23,ya,ya,47000000,46000000,3000000,0
299,wanita,23,ya,ya,76000000,39000000,4000000,1
300,wanita,21,ya,ya,71000000,87000000,4000000,0
301,wanita,26,tidak,ya,70000000,22000000,1000000,1
302,wanita,29,ya,ya,68000000,12000000,5000000,1
303,pria,24,ya,ya,95000000,37000000,5000000,1
304,pria,18,ya,ya,81000000,96000000,2000000,0
305,pria,39,ya,ya,21000000,90000000,1000000,0
306,wanita,33,ya,ya,19000000,34000000,4000000,0
307,wanita,21,ya,ya,87000000,66000000,2000000,1
308,wanita,37,tidak,ya,74000000,27000000,4000000,1
309,pria,29,ya,ya,89000000,46000000,5000000,1
310,pria,34,ya,ya,59000000,57000000,5000000,0
311,pria,33,ya,ya,41000000,20000000,5000000,1
312,pria,32,tidak,ya,29000000,65000000,1000000,0
313,wanita,28,ya,ya,70000000,36000000,4000000,1
314,wanita,19,ya,ya,50000000,47000000,1000000,1
315,wanita,33,ya,ya,65000000,99000000,4000000,0
316,pria,19,ya,ya,37000000,50000000,1000000,0
317,wanita,30,tidak,ya,50000000,75000000,5000000,0
318,pria,38,ya,ya,12000000,20000000,3000000,0
319,pria,27,ya,tidak,12000000,23000000,2000000,0
320,wanita,20,ya,ya,60000000,13000000,5000000,1
321,wanita,21,tidak,ya,72000000,53000000,4000000,1
322,wanita,19,ya,ya,31000000,65000000,4000000,0
323,pria,25,ya,tidak,73000000,28000000,1000000,0
324,wanita,36,ya,ya,30000000,39000000,1000000,0
325,wanita,28,ya,ya,63000000,41000000,4000000,1
326,pria,25,ya,ya,36000000,46000000,5000000,0
327,pria,20,ya,ya,68000000,72000000,5000000,0
328,wanita,24,tidak,ya,86000000,62000000,1000000,1
329,pria,20,ya,ya,81000000,36000000,4000000,1
330,wanita,36,ya,ya,64000000,26000000,5000000,1
331,pria,31,ya,ya,91000000,11000000,1000000,1
332,wanita,24,ya,ya,80000000,51000000,2000000,1
333,wanita,31,ya,ya,12000000,60000000,5000000,0
334,pria,38,ya,ya,73000000,45000000,1000000,1
335,pria,26,ya,ya,74000000,63000000,3000000,1
336,wanita,26,tidak,ya,54000000,65000000,1000000,0
337,pria,30,ya,ya,73000000,83000000,1000000,0
338,wanita,32,ya,ya,51000000,36000000,3000000,1
339,wanita,25,ya,ya,54000000,28000000,1000000,1
340,pria,37,ya,ya,27000000,27000000,5000000,0
341,pria,39,tidak,ya,66000000,55000000,3000000,1
342,pria,32,ya,ya,97000000,92000000,1000000,1
343,pria,38,ya,ya,74000000,71000000,1000000,1
344,pria,28,ya,ya,46000000,46000000,3000000,0
345,pria,22,ya,ya,80000000,89000000,1000000,0
346,wanita,21,ya,ya,79000000,25000000,1000000,1
347,wanita,30,ya,ya,32000000,10000000,2000000,1
348,pria,38,ya,ya,10000000,39000000,5000000,0
349,pria,36,ya,ya,88000000,62000000,5000000,1
350,wanita,33,ya,ya,89000000,15000000,1000000,1
351,pria,29,ya,ya,70000000,52000000,4000000,1
352,wanita,31,tidak,ya,46000000,27000000,2000000,1
353,pria,33,ya,ya,76000000,42000000,4000000,1
354,pria,31,ya,ya,85000000,31000000,2000000,1
355,pria,30,ya,ya,77000000,25000000,3000000,1
356,pria,22,ya,ya,19000000,57000000,1000000,0
357,pria,26,ya,ya,36000000,96000000,3000000,0
358,wanita,34,ya,ya,90000000,92000000,3000000,0
359,pria,30,ya,ya,49000000,81000000,2000000,0
360,wanita,25,ya,ya,91000000,84000000,3000000,1
361,pria,35,ya,ya,12000000,87000000,1000000,0
362,pria,32,ya,ya,73000000,11000000,1000000,1
363,wanita,25,ya,tidak,33000000,38000000,2000000,0
364,pria,33,ya,tidak,54000000,56000000,1000000,0
365,wanita,33,ya,ya,81000000,46000000,4000000,1
366,wanita,22,ya,ya,16000000,57000000,5000000,0
367,pria,35,ya,ya,27000000,12000000,4000000,1
368,pria,26,ya,ya,88000000,24000000,4000000,1
369,pria,29,ya,ya,60000000,44000000,3000000,1
370,pria,24,tidak,ya,85000000,31000000,4000000,0
371,wanita,39,ya,ya,42000000,23000000,4000000,1
372,wanita,22,ya,ya,53000000,15000000,2000000,1
373,wanita,38,ya,ya,28000000,64000000,2000000,0
374,wanita,34,ya,ya,50000000,45000000,3000000,1
375,wanita,22,ya,ya,66000000,39000000,3000000,1
376,wanita,21,ya,ya,87000000,74000000,5000000,1
377,wanita,38,ya,ya,87000000,75000000,1000000,1
378,wanita,30,ya,ya,43000000,52000000,1000000,0
379,pria,32,ya,ya,96000000,62000000,5000000,1
380,pria,28,ya,tidak,12000000,96000000,2000000,0
381,pria,34,ya,ya,46000000,31000000,1000000,1
382,pria,28,ya,ya,17000000,14000000,3000000,1
383,pria,18,ya,ya,27000000,66000000,5000000,0
384,wanita,21,ya,ya,16000000,29000000,3000000,0
385,wanita,26,ya,ya,60000000,88000000,4000000,0
386,pria,25,ya,ya,28000000,39000000,5000000,0
387,pria,34,ya,ya,86000000,98000000,3000000,0
388,wanita,23,ya,ya,92000000,23000000,1000000,1
389,pria,23,ya,ya,54000000,99000000,5000000,0
390,pria,37,ya,ya,10000000,61000000,1000000,0
391,wanita,32,ya,ya,55000000,60000000,2000000,0
392,pria,25,ya,ya,24000000,38000000,2000000,0
393,wanita,33,ya,ya,15000000,65000000,1000000,0
394,wanita,39,ya,ya,77000000,53000000,3000000,1
395,pria,26,ya,ya,93000000,60000000,5000000,1
396,pria,37,ya,ya,11000000,20000000,4000000,0
397,wanita,35,ya,tidak,35000000,25000000,2000000,0
398,wanita,19,ya,ya,33000000,69000000,5000000,0
399,wanita,30,ya,ya,89000000,61000000,3000000,1
400,wanita,34,ya,ya,75000000,45000000,3000000,1
401,pria,33,ya,ya,21000000,19000000,1000000,1
402,wanita,25,tidak,ya,47000000,86000000,5000000,0
403,wanita,31,ya,ya,83000000,57000000,5000000,1
404,wanita,27,ya,ya,34000000,14000000,2000000,1
405,wanita,24,ya,ya,62000000,48000000,3000000,1
406,pria,37,ya,ya,70000000,58000000,4000000,1
407,wanita,30,ya,ya,50000000,44000000,1000000,1
408,pria,27,ya,ya,16000000,52000000,3000000,0
409,pria,30,ya,ya,97000000,89000000,5000000,1
410,pria,29,tidak,tidak,12000000,60000000,3000000,0
411,pria,20,tidak,ya,48000000,44000000,4000000,0
412,wanita,36,tidak,ya,64000000,32000000,1000000,1
413,wanita,22,ya,ya,12000000,77000000,5000000,0
414,wanita,24,tidak,ya,31000000,73000000,1000000,0
415,wanita,22,ya,ya,66000000,46000000,2000000,1
416,pria,19,ya,ya,89000000,89000000,1000000,0
417,wanita,21,ya,ya,35000000,95000000,2000000,0
418,pria,36,tidak,ya,15000000,20000000,3000000,0
419,wanita,21,ya,ya,79000000,13000000,2000000,1
420,pria,28,ya,ya,24000000,26000000,5000000,0
421,wanita,23,ya,ya,11000000,33000000,4000000,0
422,wanita,26,ya,ya,60000000,86000000,4000000,0
423,pria,39,ya,ya,70000000,23000000,2000000,1
424,pria,25,ya,ya,58000000,67000000,2000000,0
425,pria,23,ya,tidak,53000000,25000000,4000000,0
426,wanita,20,ya,ya,64000000,11000000,1000000,1
427,pria,37,ya,ya,78000000,71000000,2000000,1
428,pria,23,ya,ya,37000000,22000000,4000000,1
429,pria,28,ya,ya,42000000,22000000,1000000,1
430,pria,37,ya,ya,88000000,49000000,2000000,1
431,pria,19,ya,ya,70000000,59000000,3000000,1
432,wanita,39,ya,ya,52000000,66000000,4000000,0
433,wanita,21,ya,ya,39000000,57000000,1000000,0
434,wanita,18,ya,ya,75000000,13000000,4000000,1
435,wanita,35,ya,ya,88000000,80000000,2000000,1
436,wanita,25,ya,ya,67000000,72000000,2000000,0
437,wanita,38,ya,ya,35000000,60000000,5000000,0
438,wanita,26,ya,ya,49000000,72000000,3000000,0
439,pria,28,tidak,ya,92000000,42000000,2000000,1
440,wanita,18,ya,ya,56000000,90000000,5000000,0
441,pria,37,ya,ya,21000000,70000000,1000000,0
442,wanita,25,ya,ya,39000000,80000000,4000000,0
443,wanita,25,ya,ya,51000000,57000000,2000000,0
444,pria,26,ya,ya,87000000,57000000,2000000,1
445,wanita,37,ya,ya,75000000,76000000,2000000,0
446,wanita,20,ya,ya,74000000,36000000,1000000,1
447,pria,30,ya,tidak,48000000,24000000,1000000,0
448,pria,34,ya,ya,84000000,20000000,4000000,1
449,wanita,27,tidak,ya,90000000,10000000,2000000,1
450,wanita,34,tidak,ya,71000000,23000000,4000000,1
451,pria,23,ya,ya,31000000,72000000,1000000,0
452,wanita,29,tidak,ya,89000000,47000000,1000000,1
453,wanita,31,ya,ya,90000000,98000000,5000000,0
454,pria,31,ya,ya,41000000,48000000,4000000,0
455,wanita,26,ya,ya,77000000,13000000,4000000,1
456,pria,37,ya,ya,14000000,80000000,1000000,0
457,pria,18,ya,ya,34000000,42000000,4000000,0
458,pria,21,ya,ya,33000000,79000000,4000000,0
459,wanita,27,ya,ya,22000000,50000000,2000000,0
460,pria,37,tidak,ya,62000000,11000000,5000000,1
461,pria,27,tidak,ya,57000000,58000000,1000000,0
462,pria,28,ya,ya,51000000,95000000,2000000,0
463,wanita,34,ya,ya,81000000,37000000,2000000,1
464,wanita,31,ya,ya,91000000,53000000,5000000,1
465,pria,34,ya,ya,65000000,76000000,2000000,0
466,wanita,26,ya,ya,21000000,50000000,2000000,0
467,wanita,24,ya,ya,22000000,59000000,3000000,0
468,wanita,39,ya,ya,29000000,44000000,4000000,0
469,wanita,37,ya,ya,69000000,78000000,5000000,0
470,pria,31,ya,ya,94000000,47000000,4000000,1
471,pria,25,ya,tidak,89000000,18000000,5000000,0
472,wanita,23,ya,ya,60000000,81000000,1000000,0
473,pria,27,ya,tidak,82000000,43000000,4000000,0
474,wanita,33,tidak,ya,77000000,89000000,2000000,0
475,pria,37,ya,ya,80000000,13000000,5000000,1
476,pria,26,tidak,ya,26000000,66000000,2000000,0
477,wanita,18,ya,ya,95000000,56000000,5000000,1
478,wanita,19,ya,ya,17000000,32000000,1000000,0
479,pria,27,ya,ya,90000000,70000000,1000000,1
480,wanita,21,ya,ya,43000000,61000000,3000000,0
481,pria,18,ya,ya,14000000,91000000,2000000,0
482,pria,25,tidak,ya,46000000,69000000,2000000,0
483,pria,38,ya,ya,24000000,82000000,4000000,0
484,wanita,35,ya,ya,41000000,58000000,1000000,0
485,pria,19,ya,ya,75000000,66000000,4000000,1
486,pria,18,tidak,ya,71000000,15000000,5000000,0
487,wanita,30,ya,ya,92000000,57000000,2000000,1
488,wanita,20,ya,ya,31000000,48000000,2000000,0
489,wanita,24,ya,ya,52000000,98000000,3000000,0
490,wanita,34,ya,ya,84000000,17000000,2000000,1
491,wanita,28,tidak,ya,20000000,84000000,3000000,0
492,wanita,33,ya,ya,77000000,41000000,2000000,1
493,pria,35,ya,ya,74000000,21000000,3000000,1
494,wanita,32,ya,ya,72000000,71000000,1000000,1
495,pria,35,ya,ya,63000000,17000000,2000000,1
496,wanita,36,ya,ya,81000000,17000000,5000000,1
497,wanita,23,ya,ya,36000000,21000000,2000000,1
498,wanita,26,ya,ya,55000000,75000000,5000000,0
499,pria,28,ya,ya,39000000,59000000,5000000,0
500,pria,36,ya,ya,42000000,77000000,5000000,0
501,wanita,25,ya,ya,70000000,85000000,2000000,0
502,pria,36,ya,tidak,90000000,85000000,3000000,0
503,pria,33,ya,ya,85000000,95000000,1000000,0
504,pria,21,ya,ya,66000000,47000000,2000000,1
505,wanita,22,ya,ya,41000000,49000000,3000000,0
506,wanita,21,ya,ya,31000000,35000000,1000000,0
507,wanita,23,ya,ya,91000000,61000000,1000000,1
508,wanita,33,ya,ya,95000000,51000000,5000000,1
509,pria,18,ya,ya,58000000,97000000,5000000,0
510,wanita,31,tidak,ya,12000000,34000000,3000000,0
511,pria,20,ya,ya,64000000,66000000,4000000,0
512,wanita,24,ya,ya,49000000,77000000,3000000,0
513,wanita,23,ya,ya,75000000,53000000,2000000,1
514,wanita,29,ya,ya,67000000,84000000,1000000,0
515,pria,22,ya,ya,39000000,28000000,1000000,1
516,wanita,37,ya,tidak,10000000,64000000,5000000,0
517,pria,29,ya,ya,64000000,58000000,4000000,1
518,wanita,21,ya,ya,25000000,16000000,3000000,1
519,wanita,23,ya,ya,35000000,24000000,1000000,1
520,pria,33,ya,ya,14000000,53000000,4000000,0
521,pria,25,ya,ya,14000000,52000000,3000000,0
522,pria,38,ya,ya,53000000,74000000,3000000,0
523,pria,24,ya,ya,35000000,44000000,1000000,0
524,pria,30,ya,ya,79000000,72000000,4000000,1
525,wanita,26,ya,ya,81000000,72000000,3000000,1
526,pria,22,ya,ya,78000000,94000000,1000000,0
527,wanita,26,ya,ya,82000000,20000000,5000000,1
528,wanita,32,ya,ya,24000000,86000000,4000000,0
529,pria,26,tidak,ya,92000000,38000000,2000000,1
530,wanita,23,ya,ya,42000000,70000000,4000000,0
531,pria,30,ya,ya,90000000,15000000,2000000,1
532,pria,29,ya,tidak,97000000,96000000,1000000,0
533,wanita,24,ya,ya,38000000,24000000,1000000,1
534,pria,33,ya,ya,14000000,93000000,5000000,0
535,pria,21,tidak,ya,34000000,43000000,3000000,0
536,pria,20,tidak,ya,72000000,54000000,2000000,0
537,pria,38,ya,ya,57000000,33000000,5000000,1
538,pria,35,ya,ya,19000000,73000000,5000000,0
539,wanita,32,ya,tidak,75000000,51000000,3000000,0
540,pria,23,ya,ya,45000000,83000000,3000000,0
541,wanita,19,ya,ya,26000000,28000000,2000000,0
542,pria,26,ya,ya,82000000,36000000,3000000,1
543,wanita,39,ya,ya,91000000,88000000,5000000,0
544,pria,36,ya,ya,93000000,76000000,4000000,1
545,pria,39,ya,ya,97000000,15000000,3000000,1
546,pria,38,ya,ya,43000000,96000000,5000000,0
547,pria,36,ya,tidak,97000000,90000000,5000000,0
548,pria,37,ya,ya,30000000,55000000,2000000,0
549,wanita,18,tidak,tidak,60000000,21000000,2000000,0
550,wanita,39,ya,ya,21000000,91000000,5000000,0
551,pria,19,ya,tidak,53000000,43000000,2000000,0
552,pria,19,ya,ya,62000000,47000000,4000000,1
553,wanita,29,ya,ya,11000000,59000000,4000000,0
554,wanita,18,ya,ya,79000000,42000000,3000000,1
555,wanita,21,ya,ya,98000000,34000000,3000000,1
556,pria,23,ya,ya,23000000,25000000,1000000,0
557,wanita,35,ya,ya,75000000,94000000,3000000,0
558,pria,27,ya,ya,99000000,42000000,4000000,1
559,pria,26,ya,ya,13000000,45000000,5000000,0
560,wanita,36,ya,ya,10000000,52000000,2000000,0
561,wanita,38,ya,ya,79000000,28000000,5000000,1
562,wanita,33,ya,ya,73000000,82000000,4000000,0
563,pria,35,ya,ya,41000000,84000000,1000000,0
564,pria,31,ya,ya,87000000,25000000,5000000,1
565,pria,25,ya,ya,45000000,89000000,3000000,0
566,pria,19,ya,ya,55000000,86000000,3000000,0
567,pria,39,ya,ya,96000000,23000000,2000000,1
568,wanita,20,ya,ya,30000000,36000000,4000000,0
569,wanita,32,ya,ya,56000000,72000000,2000000,0
570,pria,19,ya,ya,40000000,88000000,1000000,0
571,pria,21,ya,ya,48000000,89000000,5000000,0
572,pria,21,tidak,ya,78000000,26000000,2000000,0
573,wanita,36,ya,ya,17000000,43000000,4000000,0
574,pria,38,ya,ya,16000000,20000000,3000000,0
575,wanita,23,ya,ya,43000000,88000000,3000000,0
576,pria,29,tidak,ya,80000000,74000000,1000000,1
577,pria,26,ya,ya,26000000,41000000,3000000,0
578,pria,27,ya,ya,65000000,95000000,4000000,0
579,wanita,29,tidak,ya,90000000,25000000,5000000,1
580,wanita,21,ya,ya,89000000,95000000,3000000,0
581,wanita,33,ya,ya,46000000,88000000,1000000,0
582,wanita,22,tidak,ya,17000000,61000000,1000000,0
583,wanita,25,ya,ya,47000000,12000000,3000000,1
584,pria,23,tidak,tidak,80000000,15000000,2000000,0
585,pria,33,ya,ya,34000000,24000000,4000000,1
586,pria,34,ya,ya,57000000,34000000,3000000,1
587,pria,33,ya,ya,95000000,78000000,3000000,1
588,wanita,30,ya,tidak,46000000,65000000,5000000,0
589,pria,33,ya,tidak,88000000,91000000,4000000,0
590,pria,39,ya,ya,12000000,12000000,1000000,0
591,pria,33,ya,ya,98000000,37000000,3000000,1
592,wanita,24,tidak,ya,45000000,77000000,3000000,0
593,wanita,34,ya,ya,60000000,24000000,4000000,1
594,wanita,25,ya,ya,22000000,14000000,2000000,1
595,wanita,29,ya,ya,28000000,17000000,4000000,1
596,pria,27,ya,ya,40000000,20000000,3000000,1
597,pria,22,ya,ya,67000000,44000000,4000000,1
598,pria,19,ya,ya,44000000,39000000,3000000,1
599,pria,24,ya,ya,53000000,93000000,3000000,0
600,wanita,33,ya,ya,93000000,68000000,2000000,1
601,wanita,18,ya,ya,48000000,38000000,5000000,1
602,pria,32,ya,ya,12000000,96000000,3000000,0
603,pria,32,ya,ya,83000000,82000000,4000000,0
604,wanita,20,ya,ya,35000000,41000000,3000000,0
605,wanita,32,ya,ya,14000000,85000000,1000000,0
606,pria,18,ya,ya,62000000,62000000,1000000,0
607,wanita,36,ya,ya,25000000,52000000,5000000,0
608,pria,28,ya,ya,85000000,73000000,1000000,1
609,wanita,38,ya,ya,80000000,80000000,5000000,0
610,wanita,19,ya,ya,16000000,84000000,5000000,0
611,wanita,26,ya,ya,81000000,47000000,2000000,1
612,pria,22,ya,ya,49000000,43000000,3000000,1
613,pria,21,ya,ya,35000000,41000000,1000000,0
614,pria,32,tidak,ya,23000000,66000000,5000000,0
615,pria,30,ya,ya,88000000,35000000,4000000,1
616,pria,25,ya,ya,43000000,28000000,1000000,1
617,pria,28,ya,ya,43000000,70000000,5000000,0
618,wanita,38,ya,ya,27000000,43000000,1000000,0
619,pria,24,ya,ya,52000000,81000000,3000000,0
620,wanita,24,ya,tidak,59000000,35000000,4000000,0
621,pria,30,ya,tidak,16000000,18000000,3000000,0
622,pria,39,ya,ya,24000000,13000000,5000000,1
623,pria,28,ya,ya,55000000,67000000,4000000,0
624,wanita,37,ya,tidak,36000000,64000000,1000000,0
625,wanita,18,ya,ya,45000000,22000000,4000000,1
626,pria,33,ya,tidak,16000000,78000000,2000000,0
627,pria,19,ya,ya,24000000,16000000,3000000,1
628,pria,20,ya,tidak,96000000,12000000,4000000,0
629,pria,28,ya,ya,79000000,31000000,5000000,1
630,pria,35,ya,ya,69000000,72000000,4000000,0
631,pria,35,ya,ya,44000000,72000000,1000000,0
632,wanita,29,ya,ya,37000000,48000000,2000000,0
633,wanita,22,ya,ya,79000000,51000000,5000000,1
634,wanita,18,ya,ya,83000000,99000000,4000000,0
635,pria,18,ya,ya,54000000,46000000,1000000,1
636,wanita,19,ya,ya,90000000,21000000,3000000,1
637,pria,26,ya,tidak,17000000,34000000,5000000,0
638,pria,25,ya,ya,40000000,10000000,1000000,1
639,wanita,19,ya,ya,93000000,17000000,5000000,1
640,pria,35,ya,ya,91000000,35000000,1000000,1
641,wanita,28,ya,ya,22000000,97000000,3000000,0
642,pria,36,ya,ya,73000000,67000000,3000000,1
643,wanita,22,ya,ya,82000000,87000000,3000000,0
644,pria,28,ya,ya,96000000,50000000,5000000,1
645,wanita,35,tidak,ya,63000000,21000000,1000000,1
646,wanita,22,tidak,ya,39000000,96000000,4000000,0
647,pria,30,ya,ya,61000000,14000000,1000000,1
648,wanita,35,ya,ya,96000000,54000000,1000000,1
649,wanita,35,ya,ya,37000000,65000000,4000000,0
650,wanita,34,tidak,ya,77000000,97000000,2000000,0
651,wanita,35,ya,ya,90000000,36000000,5000000,1
652,pria,25,ya,ya,37000000,94000000,3000000,0
653,wanita,38,ya,ya,74000000,39000000,2000000,1
654,pria,28,ya,ya,54000000,55000000,4000000,0
655,pria,21,ya,ya,19000000,52000000,2000000,0
656,pria,20,ya,ya,54000000,72000000,3000000,0
657,pria,30,ya,ya,58000000,45000000,1000000,1
658,wanita,26,ya,ya,78000000,14000000,4000000,1
659,wanita,38,ya,ya,10000000,51000000,1000000,0
660,pria,38,ya,ya,20000000,53000000,5000000,0
661,wanita,31,ya,ya,96000000,37000000,2000000,1
662,pria,38,ya,ya,31000000,65000000,2000000,0
663,pria,24,ya,ya,58000000,23000000,1000000,1
664,pria,37,ya,ya,66000000,40000000,2000000,1
665,wanita,22,ya,ya,26000000,93000000,4000000,0
666,wanita,33,ya,ya,23000000,93000000,4000000,0
667,wanita,35,ya,ya,70000000,45000000,2000000,1
668,pria,27,ya,ya,50000000,51000000,5000000,0
669,pria,31,ya,ya,23000000,47000000,3000000,0
670,wanita,36,ya,ya,47000000,51000000,3000000,0
671,wanita,31,tidak,ya,73000000,35000000,1000000,1
672,pria,34,tidak,tidak,97000000,21000000,1000000,0
673,pria,20,ya,ya,83000000,66000000,4000000,1
674,wanita,26,ya,ya,58000000,52000000,5000000,1
675,pria,28,ya,ya,80000000,32000000,3000000,1
676,wanita,35,ya,ya,97000000,74000000,2000000,1
677,wanita,25,ya,ya,11000000,97000000,5000000,0
678,pria,37,ya,ya,75000000,92000000,5000000,0
679,pria,22,ya,ya,13000000,22000000,3000000,0
680,pria,38,ya,ya,19000000,50000000,4000000,0
681,wanita,36,ya,ya,44000000,59000000,5000000,0
682,pria,19,ya,ya,39000000,54000000,3000000,0
683,pria,38,ya,ya,69000000,26000000,2000000,1
684,pria,24,ya,ya,26000000,76000000,1000000,0
685,pria,38,ya,ya,78000000,31000000,2000000,1
686,pria,34,ya,ya,24000000,92000000,1000000,0
687,wanita,33,ya,ya,33000000,79000000,5000000,0
688,wanita,28,ya,ya,71000000,97000000,4000000,0
689,pria,22,ya,ya,32000000,97000000,5000000,0
690,wanita,28,ya,ya,60000000,69000000,1000000,0
691,pria,19,ya,tidak,36000000,17000000,3000000,0
692,pria,31,ya,ya,41000000,20000000,3000000,1
693,wanita,23,ya,ya,36000000,81000000,1000000,0
694,wanita,36,ya,ya,62000000,56000000,1000000,1
695,pria,31,ya,tidak,20000000,35000000,3000000,0
696,pria,23,ya,tidak,20000000,50000000,3000000,0
697,pria,38,ya,ya,25000000,52000000,5000000,0
698,wanita,38,ya,ya,50000000,77000000,4000000,0
699,pria,33,tidak,ya,85000000,76000000,1000000,1
700,pria,29,tidak,ya,48000000,29000000,1000000,1
701,wanita,19,ya,ya,25000000,71000000,3000000,0
702,pria,34,ya,tidak,77000000,22000000,2000000,0
703,pria,32,ya,ya,59000000,71000000,2000000,0
704,wanita,37,ya,ya,58000000,60000000,2000000,0
705,wanita,21,tidak,ya,46000000,32000000,1000000,1
706,pria,30,ya,ya,29000000,41000000,1000000,0
707,wanita,37,ya,ya,57000000,30000000,1000000,1
708,pria,18,ya,ya,96000000,47000000,5000000,1
709,pria,28,ya,ya,85000000,54000000,5000000,1
710,wanita,24,ya,ya,59000000,42000000,4000000,1
711,wanita,30,ya,ya,37000000,47000000,5000000,0
712,pria,30,tidak,ya,89000000,99000000,1000000,0
713,pria,25,ya,ya,49000000,96000000,3000000,0
714,pria,19,tidak,ya,45000000,74000000,4000000,0
715,wanita,38,ya,ya,79000000,19000000,2000000,1
716,wanita,34,ya,ya,73000000,72000000,3000000,0
717,wanita,36,ya,ya,89000000,79000000,1000000,1
718,pria,31,ya,ya,55000000,29000000,1000000,1
719,wanita,39,ya,ya,40000000,71000000,2000000,0
720,pria,37,ya,ya,67000000,66000000,2000000,0
721,pria,31,tidak,ya,79000000,67000000,5000000,1
722,pria,35,ya,ya,75000000,56000000,3000000,1
723,pria,28,ya,ya,96000000,52000000,4000000,1
724,pria,20,ya,ya,10000000,91000000,2000000,0
725,pria,32,ya,ya,40000000,67000000,5000000,0
726,wanita,26,tidak,ya,33000000,87000000,4000000,0
727,pria,31,ya,ya,21000000,89000000,1000000,0
728,wanita,35,ya,ya,36000000,87000000,2000000,0
729,pria,33,tidak,ya,28000000,69000000,5000000,0
730,wanita,36,tidak,ya,12000000,21000000,1000000,0
731,wanita,19,ya,ya,61000000,81000000,4000000,0
732,pria,33,ya,ya,68000000,80000000,2000000,0
733,pria,36,ya,ya,37000000,26000000,1000000,1
734,wanita,31,ya,ya,15000000,19000000,5000000,0
735,wanita,37,ya,ya,94000000,56000000,1000000,1
736,wanita,38,ya,tidak,68000000,54000000,5000000,0
737,wanita,38,ya,ya,61000000,12000000,5000000,1
738,pria,32,ya,ya,95000000,58000000,1000000,1
739,pria,38,ya,ya,74000000,83000000,4000000,0
740,pria,32,ya,ya,75000000,38000000,2000000,1
741,pria,20,tidak,ya,42000000,38000000,4000000,0
742,wanita,33,ya,ya,29000000,14000000,3000000,1
743,pria,36,ya,ya,52000000,84000000,1000000,0
744,wanita,19,ya,ya,70000000,90000000,2000000,0
745,wanita,23,ya,ya,39000000,71000000,3000000,0
746,pria,26,ya,ya,14000000,87000000,1000000,0
747,pria,21,tidak,ya,48000000,50000000,4000000,0
748,pria,37,ya,ya,70000000,87000000,5000000,0
749,pria,38,tidak,tidak,60000000,96000000,3000000,0
750,pria,31,ya,ya,73000000,73000000,1000000,0
751,wanita,30,tidak,tidak,35000000,96000000,5000000,0
752,wanita,30,ya,ya,90000000,38000000,1000000,1
753,pria,27,ya,ya,71000000,62000000,2000000,1
754,wanita,18,ya,ya,29000000,94000000,3000000,0
755,wanita,37,tidak,ya,84000000,63000000,1000000,1
756,pria,28,ya,tidak,35000000,86000000,3000000,0
757,pria,31,tidak,ya,31000000,77000000,4000000,0
758,wanita,32,ya,ya,75000000,17000000,1000000,1
759,pria,30,ya,ya,98000000,96000000,3000000,0
760,pria,26,ya,ya,24000000,93000000,1000000,0
761,wanita,36,ya,ya,36000000,75000000,3000000,0
762,wanita,23,ya,tidak,46000000,30000000,5000000,0
763,wanita,38,ya,ya,86000000,36000000,2000000,1
764,pria,28,ya,ya,37000000,78000000,1000000,0
765,wanita,20,ya,ya,36000000,23000000,1000000,1
766,wanita,36,ya,ya,84000000,48000000,3000000,1
767,pria,39,ya,ya,22000000,44000000,4000000,0
768,wanita,25,ya,ya,77000000,89000000,3000000,0
769,wanita,31,ya,ya,22000000,58000000,2000000,0
770,pria,20,ya,ya,95000000,69000000,3000000,1
771,pria,31,ya,ya,86000000,64000000,3000000,1
772,wanita,35,ya,tidak,86000000,68000000,4000000,0
773,wanita,31,ya,ya,63000000,75000000,5000000,0
774,pria,29,ya,ya,67000000,62000000,1000000,1
775,pria,33,ya,ya,31000000,82000000,1000000,0
776,pria,32,ya,ya,60000000,48000000,5000000,1
777,pria,37,ya,ya,57000000,95000000,2000000,0
778,wanita,33,tidak,ya,72000000,92000000,4000000,0
779,wanita,36,ya,ya,57000000,83000000,1000000,0
780,wanita,34,ya,ya,52000000,67000000,5000000,0
781,wanita,23,ya,ya,68000000,38000000,2000000,1
782,wanita,33,ya,ya,15000000,87000000,5000000,0
783,pria,25,ya,ya,76000000,36000000,2000000,1
784,pria,25,ya,ya,12000000,13000000,5000000,0
785,pria,36,ya,ya,57000000,40000000,4000000,1
786,wanita,23,tidak,ya,49000000,48000000,5000000,0
787,pria,31,ya,ya,83000000,82000000,2000000,0
788,wanita,39,ya,ya,60000000,74000000,2000000,0
789,pria,39,ya,ya,94000000,76000000,1000000,1
790,wanita,25,ya,ya,22000000,14000000,2000000,1
791,pria,18,ya,ya,98000000,81000000,5000000,1
792,wanita,23,ya,ya,60000000,29000000,3000000,1
793,pria,36,ya,ya,63000000,61000000,4000000,0
794,wanita,19,ya,ya,92000000,34000000,5000000,1
795,wanita,26,ya,ya,19000000,58000000,1000000,0
796,pria,20,ya,ya,23000000,50000000,4000000,0
797,pria,38,ya,tidak,11000000,33000000,3000000,0
798,pria,31,ya,tidak,36000000,31000000,5000000,0
799,pria,24,ya,ya,92000000,45000000,4000000,1
800,wanita,34,ya,ya,86000000,71000000,2000000,1
801,pria,23,ya,ya,56000000,73000000,4000000,0
802,wanita,20,ya,ya,89000000,44000000,2000000,1
803,wanita,25,ya,ya,95000000,61000000,2000000,1
804,wanita,30,ya,ya,42000000,36000000,3000000,1
805,wanita,29,ya,tidak,15000000,28000000,4000000,0
806,wanita,34,ya,ya,61000000,47000000,1000000,1
807,wanita,39,ya,ya,66000000,27000000,5000000,1
808,wanita,19,ya,ya,39000000,57000000,5000000,0
809,wanita,37,ya,ya,40000000,64000000,1000000,0
810,wanita,37,ya,ya,54000000,43000000,1000000,1
811,pria,37,ya,ya,32000000,32000000,2000000,0
812,wanita,21,ya,ya,46000000,45000000,2000000,0
813,wanita,21,tidak,ya,27000000,67000000,3000000,0
814,wanita,23,ya,ya,62000000,53000000,1000000,1
815,wanita,20,ya,tidak,23000000,40000000,3000000,0
816,wanita,26,ya,ya,68000000,82000000,4000000,0
817,pria,30,ya,ya,57000000,82000000,5000000,0
818,pria,21,ya,ya,92000000,16000000,5000000,1
819,wanita,30,ya,ya,13000000,32000000,1000000,0
820,pria,34,ya,ya,84000000,76000000,3000000,1
821,wanita,24,ya,ya,42000000,92000000,3000000,0
822,wanita,19,ya,ya,53000000,63000000,2000000,0
823,wanita,21,ya,ya,89000000,58000000,3000000,1
824,wanita,38,ya,ya,99000000,82000000,4000000,1
825,pria,29,ya,ya,56000000,58000000,3000000,0
826,wanita,25,ya,ya,51000000,24000000,2000000,1
827,wanita,31,tidak,ya,53000000,15000000,5000000,1
828,wanita,33,ya,ya,17000000,54000000,2000000,0
829,pria,19,ya,ya,94000000,46000000,1000000,1
830,pria,39,ya,ya,52000000,11000000,2000000,1
831,pria,35,ya,tidak,80000000,49000000,3000000,0
832,wanita,28,ya,ya,56000000,23000000,2000000,1
833,pria,19,tidak,ya,15000000,33000000,3000000,0
834,pria,34,ya,ya,27000000,87000000,3000000,0
835,wanita,39,ya,ya,95000000,10000000,5000000,1
836,pria,39,ya,ya,92000000,14000000,3000000,1
837,wanita,27,ya,ya,98000000,73000000,5000000,1
838,wanita,35,ya,ya,95000000,94000000,4000000,0
839,pria,29,ya,ya,32000000,22000000,4000000,1
840,wanita,28,tidak,tidak,78000000,55000000,1000000,0
841,pria,39,ya,ya,79000000,95000000,5000000,0
842,pria,31,ya,tidak,30000000,43000000,3000000,0
843,wanita,27,ya,ya,10000000,91000000,4000000,0
844,wanita,35,ya,tidak,99000000,64000000,3000000,0
845,pria,36,ya,ya,11000000,17000000,4000000,0
846,wanita,33,ya,ya,98000000,78000000,5000000,1
847,pria,36,ya,ya,39000000,87000000,3000000,0
848,pria,24,ya,ya,38000000,54000000,2000000,0
849,pria,25,ya,ya,65000000,78000000,4000000,0
850,wanita,18,ya,ya,34000000,49000000,3000000,0
851,pria,31,ya,ya,46000000,76000000,2000000,0
852,pria,35,ya,ya,91000000,72000000,1000000,1
853,pria,25,ya,ya,22000000,59000000,3000000,0
854,wanita,25,ya,tidak,20000000,85000000,5000000,0
855,pria,26,tidak,ya,68000000,14000000,4000000,1
856,wanita,37,ya,ya,76000000,96000000,2000000,0
857,pria,20,ya,ya,62000000,59000000,3000000,1
858,pria,18,ya,ya,70000000,36000000,3000000,1
859,wanita,38,ya,ya,33000000,15000000,3000000,1
860,wanita,38,ya,ya,79000000,63000000,1000000,1
861,pria,32,ya,ya,94000000,83000000,1000000,1
862,pria,31,ya,ya,69000000,44000000,1000000,1
863,wanita,23,ya,ya,35000000,79000000,5000000,0
864,wanita,19,ya,ya,98000000,98000000,2000000,0
865,pria,30,ya,ya,96000000,61000000,3000000,1
866,pria,32,ya,ya,69000000,36000000,1000000,1
867,wanita,20,ya,ya,83000000,16000000,4000000,1
868,wanita,20,tidak,ya,53000000,18000000,5000000,0
869,wanita,35,ya,ya,29000000,93000000,5000000,0
870,wanita,29,ya,ya,71000000,92000000,5000000,0
871,wanita,37,ya,ya,73000000,64000000,4000000,1
872,pria,25,ya,ya,97000000,56000000,2000000,1
873,pria,25,ya,ya,88000000,14000000,3000000,1
874,wanita,23,tidak,ya,70000000,99000000,1000000,0
875,pria,29,ya,ya,38000000,78000000,3000000,0
876,wanita,22,ya,ya,59000000,51000000,1000000,1
877,wanita,21,ya,ya,31000000,51000000,2000000,0
878,pria,35,ya,ya,36000000,17000000,5000000,1
879,wanita,31,ya,ya,68000000,89000000,5000000,0
880,wanita,19,ya,ya,75000000,26000000,1000000,1
881,wanita,31,ya,ya,93000000,14000000,4000000,1
882,pria,25,ya,ya,72000000,35000000,3000000,1
883,pria,26,ya,ya,23000000,27000000,5000000,0
884,wanita,27,ya,tidak,32000000,60000000,4000000,0
885,pria,32,ya,ya,53000000,94000000,1000000,0
886,wanita,19,tidak,ya,98000000,70000000,3000000,0
887,pria,37,ya,ya,83000000,87000000,4000000,0
888,pria,20,ya,ya,29000000,27000000,5000000,0
889,wanita,20,ya,ya,92000000,40000000,3000000,1
890,pria,30,ya,ya,73000000,35000000,5000000,1
891,pria,28,ya,ya,90000000,51000000,2000000,1
892,wanita,26,ya,ya,48000000,97000000,1000000,0
893,pria,36,ya,ya,34000000,87000000,4000000,0
894,wanita,23,ya,ya,76000000,66000000,2000000,1
895,pria,24,ya,ya,38000000,92000000,1000000,0
896,wanita,20,ya,ya,29000000,18000000,2000000,1
897,wanita,29,ya,ya,19000000,81000000,3000000,0
898,wanita,24,ya,tidak,56000000,89000000,5000000,0
899,wanita,22,ya,ya,65000000,28000000,4000000,1
900,pria,31,ya,ya,53000000,44000000,5000000,1
901,pria,24,ya,tidak,95000000,71000000,1000000,0
902,pria,35,ya,ya,53000000,70000000,3000000,0
903,wanita,39,ya,ya,47000000,63000000,4000000,0
904,pria,36,tidak,ya,10000000,21000000,4000000,0
905,wanita,28,tidak,ya,95000000,21000000,3000000,1
906,wanita,25,ya,ya,94000000,91000000,2000000,1
907,wanita,37,ya,ya,18000000,84000000,2000000,0
908,pria,26,ya,ya,79000000,75000000,2000000,1
909,pria,18,ya,ya,30000000,56000000,3000000,0
910,wanita,38,tidak,ya,46000000,59000000,1000000,0
911,wanita,39,ya,ya,40000000,28000000,4000000,1
912,wanita,24,tidak,ya,43000000,46000000,3000000,0
913,pria,21,ya,ya,67000000,33000000,1000000,1
914,pria,29,ya,ya,94000000,88000000,2000000,1
915,pria,37,ya,ya,16000000,58000000,3000000,0
916,pria,24,tidak,ya,72000000,34000000,2000000,0
917,pria,33,ya,ya,77000000,84000000,3000000,0
918,pria,28,ya,ya,39000000,60000000,4000000,0
919,wanita,26,ya,ya,78000000,21000000,3000000,1
920,pria,19,ya,ya,56000000,85000000,5000000,0
921,wanita,32,tidak,ya,76000000,82000000,1000000,0
922,pria,25,ya,ya,35000000,82000000,3000000,0
923,wanita,34,ya,ya,50000000,53000000,4000000,0
924,wanita,28,ya,ya,55000000,11000000,3000000,1
925,wanita,30,ya,ya,31000000,23000000,5000000,1
926,pria,22,ya,ya,70000000,84000000,4000000,0
927,pria,21,ya,ya,50000000,21000000,3000000,1
928,pria,18,ya,ya,56000000,97000000,2000000,0
929,pria,33,ya,ya,63000000,22000000,1000000,1
930,wanita,27,ya,tidak,39000000,73000000,1000000,0
931,wanita,31,ya,ya,61000000,98000000,2000000,0
932,pria,35,ya,tidak,15000000,68000000,1000000,0
933,wanita,31,ya,ya,31000000,77000000,4000000,0
934,wanita,37,ya,tidak,37000000,65000000,2000000,0
935,pria,18,tidak,ya,88000000,95000000,4000000,0
936,pria,19,ya,ya,29000000,48000000,4000000,0
937,wanita,36,ya,ya,48000000,11000000,2000000,1
938,pria,23,ya,ya,78000000,96000000,5000000,0
939,wanita,21,ya,ya,31000000,89000000,1000000,0
940,pria,37,ya,ya,43000000,72000000,3000000,0
941,wanita,24,ya,ya,60000000,94000000,3000000,0
942,wanita,30,ya,ya,24000000,39000000,3000000,0
943,pria,22,ya,ya,74000000,82000000,3000000,0
944,pria,25,ya,ya,84000000,52000000,2000000,1
945,pria,30,ya,tidak,76000000,74000000,4000000,0
946,pria,34,ya,ya,51000000,44000000,1000000,1
947,wanita,18,ya,ya,49000000,23000000,2000000,1
948,wanita,23,ya,ya,11000000,84000000,1000000,0
949,wanita,20,ya,ya,75000000,66000000,1000000,1
950,pria,21,ya,ya,51000000,56000000,5000000,0
951,pria,24,ya,ya,40000000,85000000,5000000,0
952,pria,32,ya,ya,23000000,39000000,4000000,0
953,pria,29,ya,ya,33000000,37000000,3000000,0
954,pria,28,ya,ya,59000000,56000000,3000000,1
955,pria,26,ya,ya,94000000,99000000,5000000,0
956,pria,26,ya,ya,21000000,64000000,4000000,0
957,wanita,36,ya,ya,64000000,67000000,3000000,0
958,pria,32,ya,ya,11000000,52000000,5000000,0
959,wanita,36,ya,ya,51000000,47000000,1000000,1
960,pria,23,ya,ya,18000000,14000000,3000000,1
961,wanita,29,ya,tidak,10000000,85000000,4000000,0
962,pria,36,ya,ya,73000000,36000000,5000000,1
963,wanita,28,ya,ya,51000000,76000000,2000000,0
964,wanita,35,tidak,ya,42000000,63000000,5000000,0
965,pria,27,ya,ya,82000000,22000000,5000000,1
966,wanita,26,ya,ya,11000000,66000000,2000000,0
967,wanita,37,ya,ya,77000000,98000000,1000000,0
968,pria,24,ya,tidak,44000000,82000000,4000000,0
969,wanita,24,ya,ya,64000000,86000000,3000000,0
970,wanita,21,ya,ya,47000000,18000000,5000000,1
971,pria,18,ya,ya,31000000,69000000,5000000,0
972,pria,26,ya,ya,35000000,90000000,1000000,0
973,wanita,37,ya,ya,13000000,34000000,1000000,0
974,wanita,24,ya,ya,14000000,88000000,5000000,0
975,pria,18,tidak,ya,15000000,64000000,4000000,0
976,wanita,18,ya,ya,48000000,71000000,4000000,0
977,pria,36,ya,ya,18000000,34000000,4000000,0
978,pria,39,ya,ya,17000000,89000000,2000000,0
979,pria,21,ya,ya,26000000,55000000,3000000,0
980,pria,28,ya,ya,27000000,33000000,5000000,0
981,wanita,30,ya,ya,46000000,78000000,4000000,0
982,wanita,28,ya,ya,53000000,14000000,5000000,1
983,pria,33,ya,ya,54000000,12000000,1000000,1
984,wanita,33,ya,ya,29000000,94000000,4000000,0
985,wanita,23,ya,ya,98000000,94000000,5000000,0
986,pria,26,ya,ya,75000000,38000000,5000000,1
987,pria,22,ya,ya,79000000,68000000,1000000,1
988,pria,30,ya,ya,89000000,11000000,4000000,1
989,pria,39,ya,ya,62000000,98000000,4000000,0
990,wanita,30,ya,ya,39000000,99000000,3000000,0
991,pria,35,ya,ya,19000000,24000000,1000000,0
992,wanita,37,ya,ya,17000000,32000000,1000000,0
993,wanita,32,ya,ya,69000000,19000000,3000000,1
994,pria,26,ya,ya,68000000,84000000,3000000,0
995,pria,26,tidak,ya,74000000,67000000,3000000,1
996,pria,28,ya,ya,71000000,40000000,5000000,1
997,pria,36,ya,ya,63000000,56000000,2000000,1
998,pria,22,ya,ya,49000000,58000000,1000000,0
999,pria,26,ya,ya,80000000,81000000,2000000,0
1000,pria,32,ya,ya,32000000,85000000,2000000,0
1001,pria,31,ya,tidak,90000000,86000000,4000000,0
1002,pria,34,ya,ya,81000000,43000000,3000000,1
1003,pria,36,tidak,ya,76000000,46000000,5000000,1
1004,wanita,24,tidak,ya,30000000,55000000,1000000,0
1005,wanita,22,tidak,ya,69000000,15000000,3000000,1
1006,pria,35,ya,ya,37000000,58000000,5000000,0
1007,wanita,36,ya,ya,60000000,82000000,3000000,0
1008,pria,24,ya,ya,51000000,65000000,4000000,0
1009,pria,20,ya,tidak,80000000,82000000,4000000,0
1010,wanita,22,ya,ya,31000000,50000000,5000000,0
1011,wanita,35,ya,ya,38000000,24000000,4000000,1
1012,wanita,36,ya,ya,69000000,94000000,4000000,0
1013,pria,39,ya,ya,86000000,91000000,5000000,0
1014,pria,23,ya,ya,39000000,64000000,5000000,0
1015,wanita,32,ya,ya,87000000,29000000,4000000,1
1016,wanita,27,ya,ya,96000000,79000000,1000000,1
1017,wanita,23,ya,ya,71000000,31000000,5000000,1
1018,wanita,30,ya,ya,53000000,10000000,5000000,1
1019,pria,36,ya,ya,24000000,91000000,4000000,0
1020,wanita,39,ya,ya,17000000,39000000,5000000,0
1021,wanita,32,ya,ya,16000000,21000000,3000000,0
1022,pria,25,ya,ya,43000000,67000000,1000000,0
1023,pria,34,ya,ya,40000000,75000000,5000000,0
1024,wanita,19,ya,ya,69000000,48000000,5000000,1
1025,wanita,34,ya,ya,82000000,83000000,3000000,0
1026,pria,30,ya,ya,28000000,49000000,2000000,0
1027,wanita,33,ya,ya,64000000,13000000,2000000,1
1028,pria,33,ya,ya,88000000,94000000,5000000,0
1029,wanita,29,ya,ya,91000000,74000000,3000000,1
1030,pria,32,ya,ya,39000000,94000000,4000000,0
1031,pria,22,ya,ya,32000000,22000000,3000000,1
1032,wanita,34,ya,tidak,62000000,57000000,5000000,0
1033,pria,21,ya,ya,31000000,22000000,2000000,1
1034,wanita,38,ya,tidak,34000000,89000000,1000000,0
1035,wanita,37,ya,ya,25000000,57000000,2000000,0
1036,wanita,34,ya,ya,30000000,53000000,1000000,0
1037,wanita,24,ya,ya,67000000,54000000,2000000,1
1038,pria,25,ya,ya,83000000,40000000,4000000,1
1039,wanita,38,ya,ya,25000000,31000000,4000000,0
1040,pria,35,ya,ya,30000000,55000000,4000000,0
1041,wanita,29,ya,ya,15000000,49000000,5000000,0
1042,wanita,31,ya,tidak,58000000,89000000,5000000,0
1043,pria,32,tidak,ya,24000000,19000000,3000000,1
1044,wanita,37,tidak,ya,17000000,31000000,1000000,0
1045,wanita,37,ya,ya,45000000,37000000,1000000,1
1046,wanita,28,ya,ya,31000000,55000000,1000000,0
1047,pria,29,ya,ya,87000000,67000000,5000000,1
1048,wanita,34,ya,ya,17000000,34000000,2000000,0
1049,wanita,37,ya,ya,21000000,16000000,1000000,1
1050,pria,20,ya,tidak,64000000,10000000,5000000,0
1051,wanita,29,ya,ya,96000000,81000000,2000000,1
1052,wanita,28,ya,ya,64000000,15000000,4000000,1
1053,wanita,36,ya,ya,20000000,91000000,4000000,0
1054,pria,34,ya,ya,68000000,67000000,3000000,0
1055,pria,18,ya,tidak,78000000,29000000,5000000,0
1056,wanita,30,ya,ya,94000000,10000000,4000000,1
1057,wanita,23,ya,ya,14000000,41000000,1000000,0
1058,pria,37,ya,ya,14000000,89000000,3000000,0
1059,pria,25,ya,ya,44000000,10000000,3000000,1
1060,wanita,22,ya,tidak,85000000,61000000,3000000,0
1061,pria,18,ya,ya,47000000,76000000,1000000,0
1062,wanita,26,ya,ya,70000000,26000000,5000000,1
1063,wanita,19,ya,ya,40000000,88000000,2000000,0
1064,pria,39,ya,ya,99000000,25000000,5000000,1
1065,wanita,27,ya,ya,99000000,45000000,4000000,1
1066,pria,22,ya,ya,42000000,34000000,2000000,1
1067,pria,21,ya,ya,13000000,13000000,2000000,0
1068,wanita,21,ya,ya,70000000,88000000,5000000,0
1069,pria,22,ya,ya,23000000,19000000,3000000,1
1070,wanita,20,ya,ya,34000000,43000000,2000000,0
1071,wanita,18,ya,tidak,47000000,32000000,5000000,0
1072,pria,36,ya,ya,48000000,83000000,5000000,0
1073,pria,27,ya,ya,10000000,33000000,2000000,0
1074,wanita,27,ya,ya,33000000,32000000,4000000,0
1075,wanita,30,ya,ya,55000000,66000000,3000000,0
1076,pria,19,ya,ya,36000000,42000000,1000000,0
1077,pria,28,tidak,ya,10000000,30000000,3000000,0
1078,wanita,24,ya,ya,99000000,30000000,4000000,1
1079,wanita,38,ya,ya,58000000,66000000,4000000,0
1080,wanita,27,ya,ya,96000000,15000000,2000000,1
1081,wanita,38,ya,ya,46000000,41000000,1000000,1
1082,wanita,32,ya,ya,10000000,59000000,5000000,0
1083,pria,29,ya,ya,41000000,96000000,4000000,0
1084,wanita,19,ya,ya,74000000,26000000,2000000,1
1085,wanita,32,ya,tidak,63000000,92000000,4000000,0
1086,pria,24,ya,ya,28000000,41000000,1000000,0
1087,pria,36,ya,ya,59000000,21000000,5000000,1
1088,wanita,23,ya,ya,98000000,54000000,5000000,1
1089,pria,31,ya,ya,31000000,58000000,5000000,0
1090,pria,33,ya,ya,63000000,75000000,4000000,0
1091,pria,39,ya,ya,38000000,21000000,2000000,1
1092,pria,35,ya,ya,85000000,46000000,4000000,1
1093,wanita,36,ya,ya,75000000,69000000,5000000,1
1094,pria,31,ya,ya,80000000,99000000,5000000,0
1095,wanita,25,ya,ya,87000000,97000000,3000000,0
1096,wanita,24,ya,ya,86000000,72000000,4000000,1
1097,wanita,35,ya,ya,70000000,29000000,4000000,1
1098,wanita,31,ya,ya,54000000,29000000,5000000,1
1099,pria,21,ya,ya,20000000,22000000,3000000,0
1100,pria,29,ya,ya,90000000,71000000,1000000,1
1101,wanita,29,ya,ya,56000000,11000000,5000000,1
1102,wanita,37,ya,ya,86000000,41000000,3000000,1
1103,wanita,32,tidak,ya,49000000,21000000,5000000,1
1104,pria,18,ya,tidak,11000000,61000000,5000000,0
1105,wanita,30,ya,ya,46000000,70000000,5000000,0
1106,wanita,36,ya,ya,44000000,15000000,4000000,1
1107,pria,20,ya,ya,23000000,69000000,1000000,0
1108,wanita,38,ya,ya,18000000,34000000,3000000,0
1109,wanita,21,ya,ya,62000000,47000000,1000000,1
1110,pria,18,ya,ya,21000000,99000000,3000000,0
1111,pria,36,tidak,ya,71000000,79000000,4000000,0
1112,wanita,33,ya,ya,60000000,33000000,4000000,1
1113,pria,33,ya,ya,66000000,93000000,1000000,0
1114,wanita,26,ya,ya,50000000,12000000,5000000,1
1115,wanita,18,ya,ya,46000000,91000000,3000000,0
1116,wanita,31,ya,ya,97000000,93000000,2000000,1
1117,wanita,21,ya,ya,35000000,60000000,3000000,0
1118,wanita,39,ya,ya,42000000,38000000,4000000,1
1119,pria,21,ya,ya,11000000,97000000,3000000,0
1120,wanita,24,ya,tidak,37000000,24000000,2000000,0
1121,pria,20,ya,ya,80000000,13000000,5000000,1
1122,pria,26,ya,ya,88000000,78000000,3000000,1
1123,pria,38,ya,ya,69000000,85000000,5000000,0
1124,wanita,29,ya,ya,64000000,78000000,5000000,0
1125,pria,32,ya,tidak,44000000,53000000,2000000,0
1126,wanita,35,ya,ya,91000000,45000000,2000000,1
1127,pria,31,ya,ya,26000000,83000000,4000000,0
1128,pria,23,ya,ya,81000000,15000000,2000000,1
1129,pria,30,ya,ya,89000000,58000000,4000000,1
1130,pria,20,ya,ya,40000000,58000000,4000000,0
1131,pria,34,ya,ya,61000000,77000000,3000000,0
1132,pria,34,ya,ya,69000000,69000000,4000000,0
1133,wanita,21,ya,ya,13000000,70000000,1000000,0
1134,wanita,39,ya,ya,11000000,80000000,4000000,0
1135,pria,22,ya,ya,74000000,22000000,2000000,1
1136,wanita,37,ya,ya,28000000,37000000,1000000,0
1137,wanita,28,ya,tidak,87000000,23000000,3000000,0
1138,wanita,37,ya,ya,84000000,68000000,5000000,1
1139,wanita,34,tidak,ya,62000000,91000000,1000000,0
1140,wanita,18,ya,ya,78000000,91000000,5000000,0
1141,pria,32,ya,ya,61000000,95000000,3000000,0
1142,wanita,20,ya,ya,29000000,51000000,4000000,0
1143,pria,18,ya,ya,69000000,93000000,1000000,0
1144,pria,18,tidak,tidak,15000000,98000000,2000000,0
1145,wanita,24,ya,ya,58000000,74000000,1000000,0
1146,wanita,30,ya,ya,31000000,31000000,3000000,0
1147,wanita,35,ya,ya,60000000,25000000,4000000,1
1148,pria,24,ya,ya,18000000,49000000,5000000,0
1149,wanita,27,ya,ya,71000000,83000000,1000000,0
1150,pria,22,ya,ya,75000000,10000000,3000000,1
1151,wanita,37,ya,ya,33000000,64000000,2000000,0
1152,wanita,22,ya,ya,81000000,84000000,5000000,0
1153,wanita,23,ya,ya,89000000,86000000,3000000,1
1154,wanita,21,ya,ya,56000000,18000000,5000000,1
1155,wanita,31,ya,ya,81000000,18000000,1000000,1
1156,pria,38,ya,tidak,21000000,21000000,1000000,0
1157,wanita,39,ya,ya,23000000,65000000,4000000,0
1158,wanita,27,ya,ya,51000000,75000000,2000000,0
1159,pria,30,ya,ya,65000000,88000000,5000000,0
1160,pria,25,ya,ya,86000000,82000000,3000000,1
1161,pria,23,ya,ya,24000000,62000000,1000000,0
1162,pria,32,ya,ya,39000000,48000000,1000000,0
1163,wanita,26,ya,ya,50000000,96000000,1000000,0
1164,wanita,30,ya,ya,20000000,65000000,5000000,0
1165,wanita,23,ya,ya,65000000,38000000,4000000,1
1166,pria,35,tidak,ya,31000000,34000000,2000000,0
1167,pria,30,ya,tidak,42000000,12000000,2000000,0
1168,pria,32,ya,ya,54000000,69000000,3000000,0
1169,pria,32,ya,ya,61000000,55000000,3000000,1
1170,pria,36,ya,ya,52000000,36000000,2000000,1
1171,wanita,23,ya,ya,98000000,57000000,5000000,1
1172,wanita,18,ya,ya,16000000,71000000,1000000,0
1173,pria,35,ya,ya,52000000,92000000,4000000,0
1174,wanita,32,ya,ya,87000000,26000000,2000000,1
1175,pria,23,ya,tidak,68000000,11000000,1000000,0
1176,pria,22,ya,ya,94000000,60000000,3000000,1
1177,pria,35,ya,ya,11000000,32000000,4000000,0
1178,pria,27,ya,ya,85000000,26000000,4000000,1
1179,pria,38,ya,ya,10000000,38000000,4000000,0
1180,wanita,39,ya,ya,61000000,57000000,4000000,1
1181,wanita,18,ya,ya,68000000,37000000,5000000,1
1182,pria,39,ya,ya,50000000,11000000,2000000,1
1183,wanita,26,tidak,ya,95000000,95000000,5000000,0
1184,pria,21,ya,ya,73000000,53000000,2000000,1
1185,pria,19,ya,ya,21000000,63000000,5000000,0
1186,wanita,20,ya,ya,12000000,78000000,3000000,0
1187,wanita,38,ya,ya,97000000,66000000,1000000,1
1188,pria,29,ya,ya,58000000,19000000,5000000,1
1189,wanita,22,ya,ya,29000000,94000000,2000000,0
1190,wanita,32,tidak,ya,38000000,44000000,5000000,0
1191,pria,26,ya,ya,48000000,42000000,3000000,1
1192,pria,23,ya,ya,78000000,87000000,3000000,0
1193,pria,36,ya,ya,39000000,10000000,3000000,1
1194,pria,24,ya,ya,73000000,60000000,3000000,1
1195,pria,33,ya,ya,86000000,61000000,1000000,1
1196,wanita,22,ya,ya,33000000,83000000,4000000,0
1197,wanita,21,ya,ya,54000000,22000000,5000000,1
1198,pria,29,ya,ya,14000000,97000000,1000000,0
1199,wanita,25,ya,ya,61000000,95000000,3000000,0
1200,pria,19,ya,ya,65000000,62000000,2000000,1
1201,pria,22,ya,ya,59000000,54000000,5000000,1
1202,pria,23,ya,tidak,42000000,98000000,1000000,0
1203,pria,21,ya,ya,68000000,48000000,5000000,1
1204,pria,18,ya,ya,24000000,79000000,3000000,0
1205,wanita,18,ya,ya,40000000,81000000,2000000,0
1206,wanita,26,ya,ya,26000000,22000000,5000000,0
1207,pria,34,ya,ya,18000000,73000000,2000000,0
1208,pria,21,ya,ya,17000000,15000000,2000000,1
1209,pria,39,tidak,ya,19000000,54000000,3000000,0
1210,wanita,36,ya,ya,26000000,34000000,1000000,0
1211,wanita,22,ya,ya,64000000,27000000,5000000,1
1212,pria,19,ya,ya,25000000,59000000,3000000,0
1213,pria,18,ya,ya,60000000,31000000,3000000,1
1214,wanita,25,ya,ya,44000000,10000000,3000000,1
1215,wanita,32,ya,ya,72000000,48000000,2000000,1
1216,pria,33,ya,ya,11000000,35000000,1000000,0
1217,pria,26,ya,ya,11000000,18000000,5000000,0
1218,wanita,39,ya,ya,36000000,84000000,3000000,0
1219,wanita,39,ya,ya,23000000,13000000,4000000,1
1220,wanita,30,ya,ya,86000000,39000000,4000000,1
1221,pria,34,tidak,ya,91000000,88000000,1000000,1
1222,wanita,21,ya,ya,30000000,24000000,2000000,1
1223,pria,37,ya,ya,22000000,78000000,3000000,0
1224,pria,23,ya,ya,10000000,24000000,3000000,0
1225,pria,30,ya,ya,82000000,43000000,3000000,1
1226,wanita,18,ya,ya,96000000,42000000,5000000,1
1227,wanita,32,ya,ya,10000000,50000000,1000000,0
1228,wanita,22,ya,ya,22000000,50000000,4000000,0
1229,pria,22,ya,ya,18000000,47000000,1000000,0
1230,pria,35,ya,ya,58000000,10000000,2000000,1
1231,pria,19,ya,tidak,52000000,90000000,4000000,0
1232,wanita,37,ya,ya,30000000,33000000,4000000,0
1233,pria,39,ya,ya,98000000,30000000,4000000,1
1234,wanita,24,ya,ya,78000000,38000000,2000000,1
1235,pria,32,ya,ya,16000000,16000000,4000000,0
1236,pria,21,ya,ya,64000000,50000000,5000000,1
1237,wanita,27,ya,ya,83000000,25000000,4000000,1
1238,pria,34,ya,ya,28000000,61000000,4000000,0
1239,pria,39,tidak,ya,95000000,31000000,4000000,1
1240,wanita,26,ya,tidak,82000000,28000000,3000000,0
1241,wanita,39,ya,ya,56000000,53000000,5000000,0
1242,pria,32,ya,ya,12000000,55000000,1000000,0
1243,wanita,39,ya,ya,80000000,95000000,4000000,0
1244,wanita,29,tidak,ya,72000000,96000000,5000000,0
1245,wanita,36,ya,ya,50000000,44000000,3000000,1
1246,wanita,19,ya,ya,97000000,78000000,4000000,1
1247,pria,38,ya,ya,67000000,48000000,3000000,1
1248,pria,36,ya,ya,20000000,59000000,1000000,0
1249,pria,28,ya,ya,31000000,90000000,2000000,0
1250,wanita,19,tidak,ya,85000000,25000000,1000000,0
1251,wanita,19,ya,ya,30000000,21000000,3000000,1
1252,pria,25,tidak,ya,88000000,79000000,5000000,1
1253,pria,39,ya,ya,12000000,51000000,5000000,0
1254,pria,34,ya,ya,44000000,26000000,1000000,1
1255,pria,33,ya,ya,73000000,51000000,1000000,1
1256,wanita,30,ya,tidak,94000000,61000000,5000000,0
1257,wanita,33,ya,ya,24000000,97000000,5000000,0
1258,wanita,33,ya,ya,34000000,65000000,3000000,0
1259,pria,36,ya,ya,48000000,20000000,3000000,1
1260,pria,33,ya,ya,57000000,54000000,5000000,0
1261,wanita,28,ya,ya,53000000,15000000,3000000,1
1262,wanita,30,ya,ya,64000000,42000000,2000000,1
1263,pria,32,ya,ya,41000000,44000000,2000000,0
1264,wanita,22,ya,ya,43000000,61000000,5000000,0
1265,pria,26,ya,ya,57000000,44000000,2000000,1
1266,pria,27,ya,ya,39000000,52000000,5000000,0
1267,pria,28,ya,ya,94000000,36000000,4000000,1
1268,pria,20,ya,ya,22000000,83000000,5000000,0
1269,pria,24,ya,ya,81000000,20000000,3000000,1
1270,pria,36,ya,ya,63000000,78000000,2000000,0
1271,pria,25,ya,ya,19000000,22000000,5000000,0
1272,pria,34,ya,ya,63000000,78000000,5000000,0
1273,pria,29,ya,ya,48000000,12000000,3000000,1
1274,pria,20,tidak,ya,27000000,35000000,3000000,0
1275,pria,33,tidak,ya,87000000,57000000,2000000,1
1276,wanita,35,ya,ya,10000000,63000000,1000000,0
1277,wanita,22,ya,ya,84000000,30000000,2000000,1
1278,pria,24,ya,ya,57000000,22000000,1000000,1
1279,pria,26,ya,ya,80000000,31000000,5000000,1
1280,pria,26,ya,tidak,29000000,41000000,4000000,0
1281,pria,23,ya,ya,50000000,47000000,4000000,0
1282,pria,32,ya,ya,99000000,59000000,2000000,1
1283,pria,22,tidak,ya,43000000,81000000,4000000,0
1284,pria,34,ya,ya,88000000,90000000,5000000,0
1285,wanita,39,ya,ya,85000000,48000000,4000000,1
1286,wanita,34,ya,ya,10000000,69000000,4000000,0
1287,wanita,25,ya,ya,77000000,47000000,5000000,1
1288,pria,22,ya,tidak,49000000,97000000,5000000,0
1289,pria,22,ya,ya,59000000,28000000,5000000,1
1290,wanita,20,ya,ya,43000000,92000000,5000000,0
1291,pria,26,ya,ya,86000000,47000000,2000000,1
1292,wanita,24,ya,ya,78000000,18000000,2000000,1
1293,wanita,18,ya,ya,65000000,93000000,5000000,0
1294,wanita,25,ya,tidak,34000000,67000000,4000000,0
1295,wanita,27,ya,ya,35000000,83000000,5000000,0
1296,wanita,25,ya,ya,37000000,60000000,4000000,0
1297,pria,26,ya,ya,37000000,17000000,1000000,1
1298,wanita,28,ya,ya,51000000,48000000,3000000,1
1299,pria,20,ya,ya,20000000,79000000,5000000,0
1300,wanita,32,ya,tidak,53000000,95000000,2000000,0
1301,wanita,35,tidak,ya,56000000,99000000,5000000,0
1302,pria,23,ya,ya,99000000,26000000,5000000,1
1303,pria,18,ya,ya,51000000,72000000,3000000,0
1304,pria,30,ya,ya,38000000,69000000,2000000,0
1305,pria,23,ya,ya,22000000,75000000,1000000,0
1306,pria,34,ya,ya,99000000,28000000,2000000,1
1307,wanita,21,ya,ya,63000000,94000000,4000000,0
1308,pria,23,ya,ya,28000000,28000000,5000000,0
1309,wanita,30,ya,ya,41000000,60000000,5000000,0
1310,wanita,33,ya,ya,29000000,82000000,3000000,0
1311,wanita,34,ya,ya,75000000,22000000,5000000,1
1312,wanita,21,ya,ya,37000000,33000000,4000000,1
1313,pria,19,ya,ya,78000000,69000000,3000000,1
1314,wanita,32,ya,ya,79000000,69000000,4000000,1
1315,wanita,34,ya,ya,42000000,15000000,4000000,1
1316,wanita,36,ya,ya,53000000,63000000,2000000,0
1317,pria,28,ya,ya,53000000,62000000,4000000,0
1318,pria,29,ya,ya,51000000,76000000,3000000,0
1319,wanita,27,ya,tidak,71000000,14000000,3000000,0
1320,wanita,30,ya,ya,37000000,95000000,2000000,0
1321,pria,39,ya,ya,59000000,96000000,3000000,0
1322,wanita,28,ya,ya,35000000,41000000,3000000,0
1323,wanita,19,ya,ya,48000000,79000000,1000000,0
1324,wanita,26,ya,ya,54000000,28000000,1000000,1
1325,wanita,26,ya,ya,84000000,45000000,5000000,1
1326,wanita,19,ya,ya,56000000,86000000,4000000,0
1327,pria,25,ya,tidak,55000000,51000000,5000000,0
1328,pria,33,ya,ya,52000000,60000000,3000000,0
1329,pria,36,ya,ya,43000000,50000000,1000000,0
1330,pria,37,ya,ya,27000000,66000000,2000000,0
1331,wanita,32,ya,tidak,30000000,70000000,5000000,0
1332,wanita,20,ya,tidak,81000000,54000000,4000000,0
1333,pria,25,ya,ya,31000000,77000000,3000000,0
1334,pria,28,ya,ya,79000000,80000000,1000000,0
1335,wanita,26,ya,ya,29000000,81000000,1000000,0
1336,pria,21,ya,ya,50000000,45000000,5000000,1
1337,wanita,26,ya,ya,90000000,62000000,3000000,1
1338,pria,22,ya,ya,63000000,40000000,4000000,1
1339,pria,23,ya,ya,34000000,73000000,3000000,0
1340,wanita,34,ya,ya,88000000,48000000,4000000,1
1341,wanita,38,ya,ya,67000000,38000000,2000000,1
1342,wanita,20,ya,ya,71000000,71000000,4000000,0
1343,pria,32,ya,ya,73000000,17000000,4000000,1
1344,wanita,36,tidak,ya,55000000,43000000,5000000,1
1345,pria,37,ya,ya,45000000,73000000,5000000,0
1346,wanita,27,ya,ya,17000000,58000000,3000000,0
1347,pria,20,ya,ya,74000000,54000000,5000000,1
1348,wanita,21,ya,ya,66000000,55000000,5000000,1
1349,pria,22,ya,tidak,44000000,81000000,5000000,0
1350,pria,19,ya,ya,16000000,16000000,2000000,0
1351,wanita,27,ya,ya,15000000,66000000,1000000,0
1352,pria,19,ya,ya,64000000,93000000,1000000,0
1353,wanita,31,ya,ya,89000000,55000000,3000000,1
1354,pria,36,ya,ya,94000000,79000000,3000000,1
1355,pria,35,ya,ya,84000000,95000000,1000000,0
1356,wanita,33,ya,ya,79000000,25000000,5000000,1
1357,wanita,37,ya,ya,71000000,29000000,4000000,1
1358,wanita,36,ya,ya,27000000,25000000,3000000,0
1359,pria,26,ya,ya,62000000,48000000,5000000,1
1360,wanita,19,ya,ya,67000000,44000000,4000000,1
1361,wanita,30,ya,ya,41000000,76000000,4000000,0
1362,pria,36,tidak,ya,96000000,59000000,3000000,1
1363,pria,36,ya,ya,80000000,79000000,2000000,0
1364,wanita,26,ya,ya,11000000,74000000,1000000,0
1365,pria,23,ya,ya,17000000,45000000,1000000,0
1366,wanita,28,ya,ya,29000000,57000000,2000000,0
1367,pria,18,tidak,ya,88000000,18000000,2000000,0
1368,wanita,21,ya,ya,69000000,11000000,2000000,1
1369,wanita,39,ya,ya,19000000,94000000,1000000,0
1370,wanita,18,ya,ya,78000000,25000000,2000000,1
1371,pria,39,ya,ya,92000000,94000000,3000000,0
1372,wanita,26,ya,ya,67000000,89000000,5000000,0
1373,pria,25,ya,tidak,89000000,94000000,4000000,0
1374,pria,18,ya,ya,63000000,83000000,5000000,0
1375,pria,31,tidak,ya,31000000,52000000,5000000,0
1376,pria,27,ya,ya,57000000,95000000,3000000,0
1377,pria,18,ya,ya,94000000,75000000,4000000,1
1378,pria,20,ya,tidak,94000000,52000000,4000000,0
1379,pria,35,ya,ya,99000000,55000000,5000000,1
1380,wanita,37,ya,ya,25000000,97000000,3000000,0
1381,pria,30,ya,ya,10000000,85000000,1000000,0
1382,wanita,31,ya,ya,35000000,78000000,4000000,0
1383,wanita,23,ya,ya,58000000,32000000,3000000,1
1384,wanita,28,tidak,ya,50000000,32000000,1000000,1
1385,pria,30,ya,ya,46000000,73000000,2000000,0
1386,wanita,26,ya,ya,74000000,87000000,4000000,0
1387,wanita,31,ya,ya,72000000,43000000,1000000,1
1388,pria,29,ya,ya,92000000,48000000,2000000,1
1389,wanita,32,ya,ya,14000000,26000000,5000000,0
1390,pria,20,ya,ya,19000000,45000000,1000000,0
1391,pria,28,ya,ya,62000000,66000000,3000000,0
1392,pria,33,ya,ya,24000000,90000000,1000000,0
1393,pria,36,tidak,ya,62000000,82000000,4000000,0
1394,pria,23,ya,ya,27000000,43000000,2000000,0
1395,wanita,34,ya,ya,76000000,34000000,2000000,1
1396,wanita,23,ya,ya,22000000,91000000,3000000,0
1397,pria,32,ya,ya,18000000,39000000,5000000,0
1398,wanita,26,tidak,ya,54000000,70000000,3000000,0
1399,pria,39,ya,ya,33000000,12000000,3000000,1
1400,wanita,31,ya,ya,71000000,16000000,5000000,1
1401,wanita,25,ya,ya,90000000,79000000,2000000,1
1402,pria,31,ya,ya,91000000,53000000,1000000,1
1403,pria,26,ya,ya,12000000,31000000,1000000,0
1404,wanita,35,ya,ya,96000000,70000000,4000000,1
1405,pria,37,ya,ya,66000000,50000000,5000000,1
1406,pria,36,ya,ya,19000000,28000000,3000000,0
1407,wanita,24,ya,tidak,38000000,47000000,5000000,0
1408,pria,21,tidak,ya,59000000,74000000,2000000,0
1409,wanita,33,ya,tidak,30000000,69000000,1000000,0
1410,pria,30,ya,ya,39000000,73000000,2000000,0
1411,wanita,26,ya,ya,79000000,36000000,4000000,1
1412,wanita,27,ya,ya,37000000,69000000,1000000,0
1413,wanita,21,ya,ya,55000000,34000000,2000000,1
1414,pria,39,ya,ya,67000000,55000000,2000000,1
1415,wanita,20,ya,ya,30000000,34000000,4000000,0
1416,wanita,19,ya,ya,48000000,58000000,1000000,0
1417,wanita,37,ya,ya,74000000,56000000,3000000,1
1418,pria,25,ya,ya,54000000,97000000,5000000,0
1419,wanita,37,ya,ya,78000000,95000000,3000000,0
1420,pria,19,ya,ya,78000000,54000000,3000000,1
1421,wanita,38,tidak,ya,30000000,95000000,4000000,0
1422,wanita,23,ya,ya,15000000,29000000,4000000,0
1423,wanita,25,ya,ya,59000000,95000000,1000000,0
1424,wanita,22,ya,ya,32000000,52000000,2000000,0
1425,wanita,33,ya,ya,29000000,49000000,3000000,0
1426,pria,29,ya,ya,23000000,78000000,5000000,0
1427,wanita,27,ya,ya,94000000,25000000,3000000,1
1428,wanita,32,ya,ya,14000000,11000000,1000000,1
1429,pria,22,ya,ya,64000000,61000000,1000000,1
1430,pria,38,ya,tidak,25000000,70000000,2000000,0
1431,wanita,37,ya,ya,63000000,44000000,4000000,1
1432,pria,20,ya,ya,22000000,47000000,1000000,0
1433,pria,34,tidak,tidak,16000000,62000000,4000000,0
1434,pria,24,ya,ya,95000000,43000000,2000000,1
1435,wanita,20,ya,tidak,60000000,35000000,5000000,0
1436,pria,31,ya,ya,36000000,23000000,3000000,1
1437,pria,37,ya,ya,48000000,86000000,5000000,0
1438,pria,25,ya,ya,65000000,92000000,1000000,0
1439,wanita,38,ya,ya,52000000,77000000,1000000,0
1440,pria,23,ya,ya,33000000,46000000,4000000,0
1441,pria,37,tidak,ya,11000000,72000000,3000000,0
1442,wanita,21,ya,ya,26000000,41000000,3000000,0
1443,wanita,34,ya,ya,46000000,10000000,3000000,1
1444,pria,31,ya,ya,98000000,34000000,3000000,1
1445,pria,22,ya,ya,72000000,72000000,5000000,0
1446,wanita,27,ya,ya,35000000,44000000,5000000,0
1447,pria,28,ya,ya,71000000,55000000,3000000,1
1448,pria,19,ya,ya,58000000,41000000,2000000,1
1449,pria,35,tidak,ya,19000000,48000000,5000000,0
1450,wanita,27,ya,ya,77000000,52000000,1000000,1
1451,pria,24,ya,ya,70000000,10000000,3000000,1
1452,wanita,32,ya,ya,46000000,71000000,4000000,0
1453,wanita,28,ya,ya,36000000,45000000,1000000,0
1454,pria,18,ya,ya,25000000,33000000,4000000,0
1455,wanita,19,ya,ya,33000000,36000000,5000000,0
1456,pria,26,ya,ya,48000000,10000000,2000000,1
1457,pria,23,ya,ya,49000000,50000000,3000000,0
1458,pria,26,ya,ya,45000000,89000000,2000000,0
1459,wanita,34,tidak,ya,62000000,14000000,3000000,1
1460,pria,24,ya,ya,44000000,94000000,2000000,0
1461,wanita,31,ya,ya,39000000,88000000,5000000,0
1462,wanita,23,ya,ya,33000000,42000000,1000000,0
1463,wanita,21,ya,ya,39000000,73000000,2000000,0
1464,wanita,39,ya,ya,78000000,89000000,2000000,0
1465,wanita,23,ya,ya,99000000,82000000,5000000,1
1466,pria,18,ya,ya,88000000,24000000,2000000,1
1467,pria,33,tidak,ya,71000000,81000000,3000000,0
1468,pria,30,tidak,ya,26000000,95000000,4000000,0
1469,pria,25,ya,ya,54000000,61000000,3000000,0
1470,pria,23,ya,tidak,51000000,48000000,1000000,0
1471,wanita,35,ya,ya,22000000,37000000,1000000,0
1472,pria,19,ya,tidak,51000000,85000000,5000000,0
1473,pria,23,ya,ya,99000000,63000000,1000000,1
1474,pria,24,ya,ya,11000000,53000000,1000000,0
1475,wanita,37,ya,ya,23000000,46000000,3000000,0
1476,wanita,39,ya,ya,70000000,95000000,1000000,0
1477,wanita,29,ya,ya,72000000,80000000,2000000,0
1478,pria,36,ya,ya,62000000,39000000,5000000,1
1479,pria,24,tidak,tidak,31000000,35000000,5000000,0
1480,wanita,37,ya,ya,19000000,55000000,5000000,0
1481,pria,27,ya,ya,56000000,82000000,4000000,0
1482,pria,27,ya,ya,83000000,58000000,5000000,1
1483,pria,37,ya,ya,84000000,68000000,2000000,1
1484,pria,32,ya,ya,98000000,16000000,4000000,1
1485,wanita,27,ya,ya,98000000,18000000,5000000,1
1486,wanita,26,ya,tidak,68000000,34000000,1000000,0
1487,wanita,34,ya,ya,29000000,13000000,1000000,1
1488,wanita,38,ya,ya,62000000,77000000,1000000,0
1489,wanita,39,ya,ya,53000000,70000000,2000000,0
1490,pria,20,ya,ya,68000000,91000000,2000000,0
1491,wanita,33,ya,ya,29000000,29000000,5000000,0
1492,wanita,30,ya,ya,87000000,13000000,5000000,1
1493,wanita,39,ya,ya,88000000,85000000,1000000,1
1494,wanita,35,ya,ya,49000000,45000000,5000000,0
1495,pria,29,ya,ya,41000000,53000000,3000000,0
1496,wanita,37,ya,ya,93000000,87000000,3000000,1
1497,pria,27,ya,ya,50000000,64000000,2000000,0
1498,pria,32,ya,tidak,76000000,85000000,3000000,0
1499,pria,23,ya,ya,41000000,26000000,2000000,1
1500,pria,27,tidak,ya,62000000,90000000,5000000,0
1501,pria,37,ya,ya,63000000,80000000,5000000,0
1502,wanita,38,ya,ya,41000000,27000000,3000000,1
1503,wanita,18,ya,ya,91000000,10000000,2000000,1
1504,pria,24,ya,ya,65000000,54000000,1000000,1
1505,wanita,24,ya,ya,49000000,21000000,2000000,1
1506,wanita,24,ya,ya,90000000,28000000,4000000,1
1507,pria,35,ya,ya,86000000,36000000,1000000,1
1508,pria,31,ya,ya,61000000,40000000,1000000,1
1509,pria,37,ya,ya,66000000,54000000,3000000,1
1510,pria,22,ya,ya,33000000,36000000,4000000,0
1511,wanita,26,ya,ya,22000000,85000000,5000000,0
1512,pria,24,ya,tidak,11000000,99000000,5000000,0
1513,pria,19,ya,ya,49000000,90000000,2000000,0
1514,pria,32,ya,ya,41000000,96000000,2000000,0
1515,wanita,29,ya,tidak,25000000,51000000,4000000,0
1516,pria,25,ya,ya,66000000,57000000,1000000,1
1517,pria,28,ya,ya,49000000,93000000,4000000,0
1518,pria,29,ya,ya,64000000,74000000,1000000,0
1519,wanita,22,ya,ya,94000000,14000000,2000000,1
1520,wanita,28,ya,ya,85000000,84000000,3000000,0
1521,wanita,33,ya,ya,88000000,31000000,1000000,1
1522,wanita,20,ya,ya,31000000,47000000,3000000,0
1523,wanita,32,ya,ya,24000000,59000000,5000000,0
1524,pria,35,ya,ya,93000000,56000000,1000000,1
1525,wanita,18,ya,ya,52000000,88000000,2000000,0
1526,wanita,22,ya,ya,64000000,97000000,5000000,0
1527,pria,34,ya,ya,10000000,80000000,3000000,0
1528,wanita,33,ya,ya,11000000,88000000,2000000,0
1529,wanita,29,ya,ya,25000000,44000000,3000000,0
1530,pria,28,ya,ya,22000000,90000000,2000000,0
1531,pria,39,ya,ya,55000000,21000000,1000000,1
1532,pria,37,ya,ya,76000000,47000000,3000000,1
1533,wanita,19,ya,tidak,96000000,68000000,1000000,0
1534,wanita,20,ya,ya,65000000,14000000,1000000,1
1535,pria,18,ya,ya,57000000,83000000,5000000,0
1536,pria,22,ya,ya,18000000,76000000,3000000,0
1537,wanita,30,ya,ya,16000000,30000000,1000000,0
1538,pria,30,ya,ya,73000000,80000000,5000000,0
1539,pria,32,tidak,ya,20000000,80000000,3000000,0
1540,wanita,36,ya,ya,10000000,60000000,4000000,0
1541,wanita,32,ya,ya,73000000,94000000,1000000,0
1542,wanita,24,ya,ya,99000000,22000000,3000000,1
1543,wanita,28,ya,ya,49000000,48000000,1000000,1
1544,pria,24,ya,ya,73000000,30000000,2000000,1
1545,wanita,23,ya,ya,83000000,23000000,1000000,1
1546,wanita,35,ya,tidak,26000000,92000000,4000000,0
1547,wanita,31,ya,ya,24000000,73000000,1000000,0
1548,pria,22,ya,ya,85000000,12000000,3000000,1
1549,pria,24,ya,ya,60000000,12000000,2000000,1
1550,wanita,21,ya,ya,82000000,35000000,5000000,1
1551,wanita,21,ya,ya,90000000,53000000,2000000,1
1552,pria,39,tidak,ya,75000000,84000000,5000000,0
1553,pria,34,ya,ya,94000000,51000000,1000000,1
1554,pria,26,ya,ya,85000000,62000000,3000000,1
1555,pria,36,ya,ya,93000000,19000000,4000000,1
1556,wanita,37,ya,ya,13000000,54000000,3000000,0
1557,pria,27,ya,ya,42000000,80000000,4000000,0
1558,wanita,38,ya,tidak,38000000,58000000,2000000,0
1559,wanita,33,ya,ya,59000000,33000000,3000000,1
1560,wanita,27,ya,ya,43000000,63000000,2000000,0
1561,pria,21,ya,ya,25000000,57000000,4000000,0
1562,wanita,24,ya,ya,74000000,51000000,3000000,1
1563,pria,24,ya,tidak,96000000,57000000,1000000,0
1564,pria,23,ya,ya,51000000,42000000,2000000,1
1565,pria,22,ya,ya,89000000,47000000,5000000,1
1566,wanita,39,ya,ya,95000000,51000000,1000000,1
1567,wanita,27,ya,ya,63000000,67000000,1000000,0
1568,wanita,24,ya,ya,18000000,17000000,4000000,0
1569,wanita,34,ya,ya,38000000,90000000,1000000,0
1570,pria,32,ya,ya,25000000,16000000,5000000,1
1571,pria,23,ya,ya,63000000,14000000,1000000,1
1572,pria,31,ya,ya,51000000,61000000,3000000,0
1573,pria,25,ya,ya,68000000,90000000,4000000,0
1574,wanita,31,ya,ya,48000000,17000000,2000000,1
1575,wanita,31,ya,ya,21000000,81000000,2000000,0
1576,pria,26,ya,ya,75000000,92000000,4000000,0
1577,pria,35,ya,ya,13000000,55000000,4000000,0
1578,pria,39,ya,ya,78000000,55000000,5000000,1
1579,wanita,36,ya,ya,40000000,90000000,2000000,0
1580,wanita,35,ya,ya,37000000,56000000,2000000,0
1581,pria,36,ya,ya,19000000,38000000,4000000,0
1582,pria,30,ya,ya,60000000,72000000,1000000,0
1583,wanita,29,ya,ya,39000000,94000000,4000000,0
1584,pria,26,ya,ya,49000000,26000000,4000000,1
1585,pria,24,ya,tidak,54000000,27000000,3000000,0
1586,pria,27,ya,ya,36000000,43000000,4000000,0
1587,wanita,24,ya,ya,85000000,96000000,5000000,0
1588,pria,26,ya,ya,88000000,38000000,2000000,1
1589,pria,34,ya,tidak,80000000,71000000,2000000,0
1590,wanita,26,ya,ya,99000000,65000000,4000000,1
1591,wanita,20,ya,tidak,67000000,48000000,4000000,0
1592,pria,25,tidak,ya,82000000,16000000,2000000,1
1593,pria,35,tidak,ya,83000000,35000000,4000000,1
1594,wanita,19,ya,ya,52000000,80000000,4000000,0
1595,wanita,36,ya,ya,85000000,93000000,1000000,0
1596,pria,19,ya,ya,80000000,78000000,1000000,1
1597,pria,29,ya,ya,36000000,22000000,4000000,1
1598,wanita,18,ya,ya,54000000,60000000,2000000,0
1599,wanita,36,tidak,ya,57000000,84000000,3000000,0
1600,wanita,35,ya,ya,21000000,17000000,4000000,1
1601,pria,34,ya,ya,15000000,92000000,1000000,0
1602,wanita,22,ya,ya,56000000,83000000,1000000,0
1603,wanita,34,ya,ya,25000000,68000000,4000000,0
1604,wanita,22,ya,ya,78000000,14000000,1000000,1
1605,wanita,19,ya,ya,18000000,72000000,5000000,0
1606,pria,25,ya,ya,18000000,37000000,2000000,0
1607,wanita,31,ya,ya,45000000,98000000,5000000,0
1608,wanita,30,ya,ya,57000000,28000000,4000000,1
1609,wanita,36,ya,ya,52000000,67000000,3000000,0
1610,pria,30,ya,ya,28000000,83000000,1000000,0
1611,wanita,39,ya,ya,56000000,25000000,3000000,1
1612,pria,32,ya,ya,72000000,31000000,3000000,1
1613,wanita,35,ya,ya,67000000,51000000,1000000,1
1614,pria,19,ya,tidak,30000000,69000000,5000000,0
1615,pria,23,ya,ya,61000000,52000000,4000000,1
1616,wanita,35,ya,ya,42000000,15000000,3000000,1
1617,wanita,29,ya,ya,63000000,30000000,2000000,1
1618,pria,20,ya,tidak,57000000,76000000,2000000,0
1619,pria,38,ya,ya,32000000,40000000,1000000,0
1620,pria,22,ya,ya,26000000,73000000,3000000,0
1621,wanita,37,ya,ya,88000000,65000000,1000000,1
1622,pria,33,ya,ya,50000000,25000000,3000000,1
1623,wanita,27,ya,ya,51000000,13000000,5000000,1
1624,pria,23,ya,ya,96000000,36000000,4000000,1
1625,wanita,19,ya,ya,39000000,38000000,4000000,0
1626,pria,36,ya,ya,13000000,40000000,4000000,0
1627,wanita,22,ya,ya,14000000,99000000,2000000,0
1628,wanita,18,ya,ya,49000000,44000000,2000000,1
1629,pria,24,ya,ya,37000000,79000000,2000000,0
1630,pria,39,ya,ya,42000000,72000000,3000000,0
1631,pria,31,tidak,ya,68000000,13000000,1000000,1
1632,pria,30,ya,ya,81000000,72000000,3000000,1
1633,wanita,26,tidak,ya,11000000,23000000,3000000,0
1634,wanita,27,ya,ya,53000000,75000000,5000000,0
1635,wanita,33,ya,ya,12000000,14000000,2000000,0
1636,wanita,26,ya,ya,52000000,24000000,3000000,1
1637,pria,28,ya,ya,58000000,13000000,1000000,1
1638,pria,31,ya,ya,14000000,61000000,3000000,0
1639,wanita,22,ya,ya,46000000,11000000,3000000,1
1640,wanita,24,ya,ya,26000000,44000000,5000000,0
1641,pria,30,ya,ya,54000000,51000000,2000000,1
1642,wanita,32,ya,ya,61000000,38000000,2000000,1
1643,wanita,18,ya,ya,54000000,27000000,1000000,1
1644,wanita,22,ya,ya,74000000,31000000,1000000,1
1645,pria,29,ya,ya,56000000,29000000,2000000,1
1646,pria,35,ya,ya,21000000,13000000,4000000,1
1647,wanita,26,ya,ya,60000000,13000000,4000000,1
1648,wanita,25,ya,ya,23000000,72000000,5000000,0
1649,wanita,27,ya,ya,98000000,98000000,2000000,0
1650,wanita,30,ya,ya,50000000,99000000,2000000,0
1651,wanita,36,ya,ya,86000000,42000000,2000000,1
1652,wanita,27,ya,ya,24000000,58000000,2000000,0
1653,wanita,25,ya,ya,59000000,90000000,5000000,0
1654,pria,26,ya,ya,66000000,53000000,3000000,1
1655,wanita,24,ya,ya,25000000,11000000,2000000,1
1656,pria,19,ya,ya,97000000,59000000,5000000,1
1657,wanita,28,ya,ya,53000000,95000000,4000000,0
1658,wanita,25,ya,ya,81000000,68000000,3000000,1
1659,wanita,19,ya,ya,80000000,30000000,1000000,1
1660,wanita,23,ya,tidak,27000000,50000000,5000000,0
1661,wanita,19,ya,ya,14000000,32000000,3000000,0
1662,wanita,37,ya,ya,82000000,97000000,1000000,0
1663,pria,20,ya,tidak,52000000,32000000,4000000,0
1664,wanita,37,ya,ya,76000000,17000000,4000000,1
1665,wanita,20,tidak,ya,22000000,76000000,2000000,0
1666,wanita,35,ya,ya,23000000,41000000,5000000,0
1667,pria,35,ya,tidak,84000000,56000000,3000000,0
1668,pria,33,ya,ya,48000000,73000000,4000000,0
1669,wanita,36,ya,ya,63000000,50000000,1000000,1
1670,wanita,38,ya,ya,31000000,77000000,2000000,0
1671,pria,26,ya,ya,73000000,94000000,2000000,0
1672,pria,22,ya,ya,15000000,72000000,2000000,0
1673,wanita,37,ya,ya,61000000,69000000,3000000,0
1674,wanita,29,ya,ya,71000000,58000000,2000000,1
1675,pria,26,ya,ya,76000000,93000000,3000000,0
1676,pria,24,ya,ya,31000000,97000000,2000000,0
1677,pria,25,ya,tidak,31000000,72000000,1000000,0
1678,pria,19,ya,ya,29000000,99000000,2000000,0
1679,wanita,38,ya,ya,56000000,22000000,1000000,1
1680,pria,36,ya,tidak,18000000,46000000,4000000,0
1681,pria,38,ya,ya,98000000,43000000,1000000,1
1682,wanita,22,ya,ya,77000000,44000000,5000000,1
1683,pria,36,ya,ya,95000000,59000000,4000000,1
1684,wanita,31,ya,ya,87000000,44000000,2000000,1
1685,wanita,24,ya,ya,91000000,32000000,3000000,1
1686,wanita,28,ya,ya,91000000,67000000,1000000,1
1687,pria,18,ya,ya,39000000,56000000,5000000,0
1688,wanita,32,tidak,ya,58000000,89000000,5000000,0
1689,wanita,31,ya,ya,60000000,63000000,3000000,0
1690,wanita,33,ya,ya,73000000,24000000,5000000,1
1691,wanita,38,ya,ya,44000000,44000000,3000000,0
1692,wanita,28,ya,ya,74000000,19000000,4000000,1
1693,pria,26,ya,ya,16000000,65000000,2000000,0
1694,pria,19,ya,ya,38000000,57000000,5000000,0
1695,wanita,31,ya,ya,70000000,93000000,5000000,0
1696,pria,21,ya,ya,54000000,44000000,2000000,1
1697,wanita,22,ya,tidak,25000000,23000000,2000000,0
1698,wanita,23,ya,tidak,96000000,88000000,4000000,0
1699,pria,30,ya,ya,53000000,48000000,1000000,1
1700,wanita,27,tidak,tidak,43000000,75000000,2000000,0
1701,pria,24,ya,ya,59000000,71000000,5000000,0
1702,wanita,33,ya,ya,54000000,90000000,2000000,0
1703,pria,20,ya,ya,48000000,78000000,4000000,0
1704,pria,34,ya,tidak,84000000,43000000,5000000,0
1705,pria,30,tidak,tidak,68000000,65000000,5000000,0
1706,wanita,23,ya,ya,67000000,73000000,5000000,0
1707,wanita,37,ya,ya,36000000,64000000,3000000,0
1708,wanita,21,tidak,ya,78000000,43000000,1000000,1
1709,wanita,23,ya,tidak,89000000,67000000,5000000,0
1710,pria,35,ya,ya,17000000,71000000,5000000,0
1711,wanita,19,ya,ya,44000000,19000000,5000000,1
1712,pria,21,ya,ya,45000000,43000000,1000000,1
1713,wanita,34,ya,ya,84000000,93000000,1000000,0
1714,pria,22,ya,tidak,92000000,64000000,3000000,0
1715,wanita,39,tidak,ya,19000000,42000000,3000000,0
1716,wanita,36,ya,ya,91000000,17000000,2000000,1
1717,pria,36,ya,ya,49000000,59000000,1000000,0
1718,wanita,20,ya,ya,42000000,13000000,3000000,1
1719,wanita,20,ya,ya,99000000,14000000,1000000,1
1720,pria,25,ya,ya,36000000,76000000,3000000,0
1721,pria,28,ya,ya,10000000,37000000,5000000,0
1722,wanita,36,ya,ya,53000000,19000000,4000000,1
1723,pria,33,ya,ya,84000000,66000000,5000000,1
1724,pria,38,ya,ya,40000000,79000000,2000000,0
1725,pria,25,ya,ya,46000000,93000000,2000000,0
1726,wanita,28,ya,ya,75000000,52000000,2000000,1
1727,pria,19,ya,tidak,96000000,90000000,5000000,0
1728,pria,30,ya,ya,31000000,45000000,3000000,0
1729,wanita,32,ya,tidak,37000000,32000000,5000000,0
1730,pria,28,ya,ya,58000000,54000000,1000000,1
1731,pria,32,ya,ya,23000000,39000000,4000000,0
1732,pria,38,ya,ya,92000000,51000000,5000000,1
1733,wanita,18,tidak,ya,46000000,47000000,5000000,0
1734,wanita,38,ya,ya,13000000,63000000,1000000,0
1735,pria,23,ya,ya,43000000,23000000,5000000,1
1736,pria,31,ya,ya,22000000,47000000,2000000,0
1737,pria,23,ya,ya,35000000,89000000,2000000,0
1738,pria,27,tidak,ya,10000000,60000000,4000000,0
1739,pria,38,ya,tidak,34000000,41000000,1000000,0
1740,wanita,26,ya,ya,42000000,89000000,1000000,0
1741,wanita,22,ya,ya,28000000,86000000,1000000,0
1742,pria,31,ya,ya,80000000,12000000,3000000,1
1743,wanita,21,ya,ya,38000000,60000000,5000000,0
1744,wanita,39,ya,ya,32000000,88000000,3000000,0
1745,wanita,19,ya,ya,56000000,56000000,2000000,0
1746,pria,29,ya,ya,35000000,15000000,2000000,1
1747,pria,35,ya,ya,57000000,79000000,1000000,0
1748,wanita,19,ya,tidak,71000000,19000000,4000000,0
1749,wanita,34,ya,ya,57000000,43000000,1000000,1
1750,pria,27,ya,ya,54000000,47000000,3000000,1
1751,pria,39,ya,ya,30000000,86000000,3000000,0
1752,pria,37,ya,ya,56000000,21000000,1000000,1
1753,pria,23,ya,ya,86000000,86000000,2000000,0
1754,wanita,37,tidak,ya,86000000,23000000,1000000,1
1755,pria,38,ya,ya,93000000,89000000,5000000,0
1756,wanita,32,ya,ya,58000000,96000000,5000000,0
1757,wanita,24,ya,tidak,34000000,45000000,5000000,0
1758,wanita,28,ya,ya,57000000,20000000,5000000,1
1759,wanita,36,ya,ya,80000000,80000000,1000000,0
1760,pria,39,ya,ya,43000000,41000000,3000000,0
1761,wanita,22,ya,tidak,87000000,75000000,2000000,0
1762,wanita,30,ya,ya,79000000,28000000,3000000,1
1763,pria,26,ya,ya,60000000,87000000,3000000,0
1764,pria,37,ya,tidak,38000000,92000000,1000000,0
1765,pria,25,ya,ya,91000000,36000000,5000000,1
1766,wanita,23,ya,ya,62000000,84000000,1000000,0
1767,pria,27,ya,ya,40000000,45000000,5000000,0
1768,pria,22,ya,ya,68000000,94000000,2000000,0
1769,wanita,26,ya,ya,96000000,17000000,1000000,1
1770,pria,37,ya,ya,73000000,77000000,4000000,0
1771,wanita,29,ya,ya,63000000,97000000,3000000,0
1772,pria,36,ya,ya,26000000,16000000,4000000,1
1773,wanita,21,ya,ya,21000000,33000000,4000000,0
1774,wanita,25,ya,tidak,34000000,34000000,4000000,0
1775,pria,32,ya,ya,54000000,51000000,2000000,1
1776,wanita,36,ya,ya,90000000,91000000,5000000,0
1777,wanita,32,ya,ya,51000000,64000000,5000000,0
1778,wanita,21,tidak,ya,13000000,53000000,3000000,0
1779,pria,39,ya,ya,47000000,88000000,2000000,0
1780,wanita,30,ya,ya,24000000,84000000,3000000,0
1781,pria,25,ya,ya,49000000,55000000,4000000,0
1782,pria,26,ya,ya,49000000,30000000,2000000,1
1783,wanita,18,ya,ya,11000000,16000000,3000000,0
1784,wanita,36,ya,ya,71000000,84000000,3000000,0
1785,wanita,37,ya,ya,45000000,47000000,2000000,0
1786,pria,34,ya,ya,80000000,50000000,2000000,1
1787,wanita,32,ya,ya,61000000,79000000,3000000,0
1788,wanita,37,tidak,ya,31000000,46000000,2000000,0
1789,wanita,19,ya,ya,17000000,96000000,1000000,0
1790,wanita,33,ya,ya,20000000,96000000,3000000,0
1791,wanita,36,ya,ya,99000000,31000000,3000000,1
1792,pria,33,ya,tidak,22000000,55000000,3000000,0
1793,pria,36,ya,ya,47000000,33000000,2000000,1
1794,wanita,23,ya,ya,70000000,31000000,4000000,1
1795,pria,34,ya,ya,97000000,70000000,1000000,1
1796,pria,39,ya,ya,74000000,77000000,1000000,0
1797,pria,21,ya,ya,22000000,79000000,3000000,0
1798,wanita,20,ya,ya,76000000,66000000,4000000,1
1799,wanita,21,ya,ya,28000000,33000000,5000000,0
1800,pria,36,ya,ya,12000000,60000000,5000000,0
1801,wanita,22,ya,ya,20000000,45000000,1000000,0
1802,pria,25,ya,tidak,60000000,76000000,2000000,0
1803,pria,27,tidak,ya,85000000,55000000,4000000,1
1804,wanita,35,ya,ya,32000000,90000000,3000000,0
1805,pria,34,tidak,ya,23000000,40000000,1000000,0
1806,pria,22,ya,ya,80000000,75000000,5000000,1
1807,wanita,33,ya,ya,94000000,43000000,3000000,1
1808,wanita,37,ya,ya,41000000,19000000,4000000,1
1809,wanita,19,ya,ya,41000000,88000000,5000000,0
1810,pria,30,ya,ya,62000000,49000000,4000000,1
1811,pria,35,tidak,ya,10000000,57000000,5000000,0
1812,pria,25,ya,ya,37000000,78000000,4000000,0
1813,pria,34,ya,ya,38000000,13000000,5000000,1
1814,wanita,30,ya,ya,87000000,91000000,3000000,0
1815,pria,31,ya,ya,13000000,54000000,2000000,0
1816,wanita,25,ya,ya,97000000,95000000,3000000,0
1817,pria,24,ya,ya,88000000,42000000,3000000,1
1818,pria,24,ya,ya,60000000,13000000,1000000,1
1819,wanita,24,ya,ya,59000000,14000000,1000000,1
1820,pria,37,ya,ya,91000000,10000000,1000000,1
1821,wanita,35,ya,ya,35000000,97000000,2000000,0
1822,pria,23,ya,ya,65000000,49000000,3000000,1
1823,pria,39,ya,ya,49000000,42000000,5000000,1
1824,pria,26,ya,ya,31000000,64000000,5000000,0
1825,pria,19,ya,ya,32000000,52000000,2000000,0
1826,wanita,36,ya,ya,65000000,12000000,4000000,1
1827,pria,30,ya,ya,82000000,27000000,2000000,1
1828,wanita,30,ya,tidak,23000000,23000000,3000000,0
1829,wanita,38,tidak,ya,44000000,99000000,5000000,0
1830,pria,37,ya,ya,52000000,91000000,4000000,0
1831,wanita,20,ya,tidak,95000000,30000000,3000000,0
1832,pria,19,ya,ya,99000000,15000000,5000000,1
1833,pria,33,ya,ya,16000000,70000000,5000000,0
1834,wanita,27,ya,ya,23000000,76000000,2000000,0
1835,wanita,34,ya,ya,87000000,55000000,5000000,1
1836,wanita,35,ya,ya,64000000,58000000,5000000,1
1837,wanita,26,ya,tidak,20000000,21000000,4000000,0
1838,pria,30,ya,ya,80000000,36000000,3000000,1
1839,pria,21,ya,ya,72000000,55000000,3000000,1
1840,pria,29,ya,ya,55000000,79000000,5000000,0
1841,pria,35,ya,tidak,60000000,47000000,5000000,0
1842,wanita,18,ya,ya,59000000,80000000,4000000,0
1843,pria,37,ya,ya,22000000,34000000,1000000,0
1844,pria,18,ya,tidak,74000000,67000000,5000000,0
1845,wanita,30,ya,ya,18000000,24000000,4000000,0
1846,wanita,32,tidak,ya,40000000,46000000,4000000,0
1847,pria,30,ya,ya,72000000,68000000,3000000,1
1848,wanita,36,ya,ya,18000000,14000000,2000000,1
1849,wanita,24,ya,ya,84000000,94000000,3000000,0
1850,wanita,35,ya,ya,18000000,69000000,4000000,0
1851,wanita,29,ya,ya,89000000,57000000,2000000,1
1852,wanita,27,ya,ya,97000000,91000000,1000000,1
1853,wanita,25,ya,ya,12000000,47000000,4000000,0
1854,wanita,20,ya,ya,89000000,45000000,1000000,1
1855,wanita,37,ya,ya,13000000,64000000,3000000,0
1856,wanita,32,ya,ya,41000000,62000000,3000000,0
1857,pria,25,ya,ya,66000000,36000000,1000000,1
1858,wanita,29,ya,ya,43000000,87000000,2000000,0
1859,pria,24,ya,ya,84000000,84000000,2000000,0
1860,wanita,38,ya,ya,82000000,60000000,5000000,1
1861,pria,21,ya,ya,70000000,55000000,1000000,1
1862,wanita,37,ya,ya,18000000,10000000,5000000,1
1863,pria,28,ya,tidak,18000000,52000000,1000000,0
1864,pria,24,ya,ya,91000000,48000000,1000000,1
1865,wanita,35,ya,ya,80000000,65000000,5000000,1
1866,pria,28,ya,ya,37000000,93000000,5000000,0
1867,pria,21,ya,ya,89000000,17000000,3000000,1
1868,wanita,39,ya,ya,32000000,99000000,3000000,0
1869,wanita,35,ya,ya,54000000,87000000,5000000,0
1870,pria,25,ya,ya,50000000,87000000,1000000,0
1871,wanita,38,ya,ya,93000000,16000000,4000000,1
1872,wanita,26,ya,ya,31000000,97000000,5000000,0
1873,pria,22,ya,ya,32000000,68000000,5000000,0
1874,wanita,32,ya,ya,66000000,59000000,1000000,1
1875,wanita,18,ya,ya,19000000,38000000,2000000,0
1876,pria,33,ya,tidak,54000000,90000000,2000000,0
1877,pria,23,ya,ya,64000000,34000000,4000000,1
1878,wanita,22,ya,ya,16000000,84000000,4000000,0
1879,wanita,25,ya,ya,39000000,95000000,1000000,0
1880,pria,30,ya,ya,67000000,69000000,4000000,0
1881,wanita,27,ya,ya,29000000,19000000,5000000,1
1882,wanita,33,ya,ya,99000000,21000000,4000000,1
1883,wanita,24,ya,ya,71000000,91000000,3000000,0
1884,wanita,38,tidak,ya,17000000,39000000,5000000,0
1885,pria,26,ya,ya,61000000,56000000,4000000,1
1886,pria,24,ya,ya,24000000,87000000,2000000,0
1887,wanita,22,ya,ya,79000000,71000000,5000000,1
1888,pria,30,ya,ya,21000000,22000000,4000000,0
1889,pria,31,ya,ya,47000000,85000000,5000000,0
1890,wanita,33,ya,ya,92000000,80000000,5000000,1
1891,pria,36,ya,tidak,65000000,65000000,2000000,0
1892,wanita,22,ya,ya,76000000,53000000,5000000,1
1893,pria,22,ya,ya,33000000,37000000,5000000,0
1894,wanita,22,ya,ya,78000000,84000000,1000000,0
1895,wanita,37,ya,ya,89000000,10000000,2000000,1
1896,pria,19,ya,ya,69000000,62000000,2000000,1
1897,pria,24,ya,ya,12000000,26000000,4000000,0
1898,pria,33,ya,tidak,34000000,56000000,4000000,0
1899,wanita,35,ya,ya,82000000,17000000,4000000,1
1900,pria,29,ya,ya,54000000,73000000,1000000,0
1901,wanita,20,tidak,ya,63000000,69000000,1000000,0
1902,pria,18,tidak,ya,86000000,11000000,3000000,0
1903,wanita,38,tidak,ya,44000000,49000000,4000000,0
1904,pria,31,ya,ya,27000000,88000000,1000000,0
1905,pria,39,ya,ya,57000000,10000000,2000000,1
1906,wanita,33,ya,ya,59000000,54000000,2000000,1
1907,wanita,22,ya,ya,67000000,68000000,2000000,0
1908,wanita,24,ya,ya,27000000,93000000,2000000,0
1909,pria,34,ya,tidak,57000000,99000000,5000000,0
1910,wanita,39,ya,tidak,49000000,51000000,2000000,0
1911,wanita,26,ya,tidak,14000000,59000000,2000000,0
1912,pria,25,ya,tidak,73000000,14000000,1000000,0
1913,wanita,35,tidak,ya,76000000,94000000,3000000,0
1914,pria,24,ya,tidak,83000000,60000000,5000000,0
1915,pria,31,ya,ya,97000000,93000000,4000000,1
1916,wanita,29,ya,ya,47000000,67000000,2000000,0
1917,wanita,25,ya,ya,74000000,86000000,5000000,0
1918,wanita,31,ya,ya,34000000,26000000,2000000,1
1919,pria,29,ya,tidak,41000000,20000000,2000000,0
1920,pria,37,ya,ya,82000000,87000000,5000000,0
1921,pria,19,ya,ya,69000000,96000000,3000000,0
1922,pria,38,ya,ya,76000000,82000000,1000000,0
1923,wanita,36,ya,ya,65000000,62000000,1000000,1
1924,pria,30,ya,ya,52000000,77000000,4000000,0
1925,wanita,35,ya,ya,33000000,20000000,2000000,1
1926,pria,28,tidak,ya,45000000,63000000,1000000,0
1927,pria,37,ya,ya,99000000,60000000,1000000,1
1928,pria,29,ya,ya,50000000,34000000,2000000,1
1929,pria,20,ya,ya,43000000,13000000,2000000,1
1930,wanita,39,ya,tidak,63000000,52000000,3000000,0
1931,wanita,30,ya,ya,25000000,12000000,5000000,1
1932,wanita,22,ya,ya,59000000,14000000,4000000,1
1933,wanita,19,ya,tidak,99000000,74000000,4000000,0
1934,wanita,18,ya,ya,58000000,53000000,4000000,1
1935,wanita,30,ya,ya,23000000,66000000,5000000,0
1936,wanita,26,ya,ya,53000000,34000000,3000000,1
1937,wanita,32,ya,ya,42000000,81000000,4000000,0
1938,wanita,38,ya,ya,83000000,26000000,1000000,1
1939,wanita,26,ya,ya,23000000,11000000,1000000,1
1940,wanita,33,ya,ya,97000000,55000000,3000000,1
1941,wanita,22,ya,ya,94000000,17000000,3000000,1
1942,wanita,39,ya,ya,63000000,20000000,4000000,1
1943,pria,37,ya,ya,77000000,42000000,1000000,1
1944,pria,35,ya,ya,49000000,38000000,2000000,1
1945,pria,26,ya,ya,46000000,89000000,2000000,0
1946,pria,36,ya,ya,50000000,15000000,1000000,1
1947,wanita,31,ya,ya,70000000,73000000,1000000,0
1948,wanita,38,ya,ya,68000000,94000000,5000000,0
1949,pria,27,ya,ya,31000000,39000000,2000000,0
1950,wanita,25,ya,ya,82000000,74000000,2000000,1
1951,pria,25,ya,ya,78000000,96000000,2000000,0
1952,pria,38,ya,ya,78000000,41000000,2000000,1
1953,wanita,33,ya,ya,18000000,17000000,4000000,0
1954,wanita,38,ya,ya,20000000,38000000,1000000,0
1955,pria,26,ya,ya,56000000,73000000,5000000,0
1956,wanita,26,ya,ya,36000000,45000000,1000000,0
1957,wanita,28,ya,ya,27000000,74000000,3000000,0
1958,wanita,20,ya,ya,63000000,40000000,3000000,1
1959,pria,33,ya,ya,12000000,44000000,2000000,0
1960,wanita,20,ya,tidak,96000000,83000000,3000000,0
1961,wanita,22,ya,ya,60000000,81000000,5000000,0
1962,pria,18,ya,ya,33000000,36000000,5000000,0
1963,pria,18,ya,tidak,33000000,12000000,2000000,0
1964,pria,38,ya,ya,49000000,75000000,4000000,0
1965,wanita,39,ya,ya,76000000,83000000,4000000,0
1966,wanita,28,tidak,ya,75000000,46000000,5000000,1
1967,wanita,31,ya,ya,59000000,32000000,1000000,1
1968,pria,35,ya,ya,62000000,56000000,1000000,1
1969,wanita,21,ya,ya,12000000,43000000,2000000,0
1970,wanita,18,tidak,tidak,19000000,62000000,1000000,0
1971,pria,37,ya,ya,75000000,12000000,1000000,1
1972,wanita,28,ya,ya,53000000,52000000,5000000,0
1973,pria,34,ya,ya,53000000,36000000,4000000,1
1974,pria,26,ya,ya,88000000,69000000,4000000,1
1975,pria,39,ya,ya,70000000,23000000,2000000,1
1976,pria,21,ya,ya,84000000,53000000,5000000,1
1977,wanita,33,ya,ya,22000000,22000000,5000000,0
1978,wanita,32,tidak,tidak,65000000,10000000,5000000,0
1979,wanita,18,ya,ya,88000000,18000000,3000000,1
1980,wanita,23,ya,ya,98000000,86000000,2000000,1
1981,pria,27,tidak,ya,75000000,84000000,5000000,0
1982,wanita,35,ya,ya,71000000,49000000,1000000,1
1983,pria,35,ya,ya,98000000,61000000,1000000,1
1984,pria,28,ya,ya,90000000,53000000,4000000,1
1985,pria,25,ya,ya,63000000,39000000,3000000,1
1986,pria,38,ya,tidak,67000000,55000000,2000000,0
1987,pria,25,ya,ya,82000000,24000000,4000000,1
1988,wanita,26,ya,ya,38000000,43000000,4000000,0
1989,wanita,18,tidak,ya,83000000,65000000,5000000,0
1990,wanita,25,ya,ya,82000000,28000000,5000000,1
1991,wanita,28,ya,ya,39000000,12000000,2000000,1
1992,pria,37,ya,ya,65000000,87000000,1000000,0
1993,pria,32,ya,ya,61000000,95000000,2000000,0
1994,wanita,31,ya,ya,97000000,45000000,5000000,1
1995,pria,19,ya,ya,22000000,40000000,1000000,0
1996,wanita,24,ya,ya,33000000,46000000,5000000,0
1997,wanita,35,ya,ya,59000000,50000000,1000000,1
1998,pria,21,ya,ya,87000000,33000000,3000000,1
1999,pria,38,ya,ya,20000000,70000000,4000000,0
2000,wanita,26,ya,ya,68000000,32000000,4000000,1
